ISO-10303-21;
HEADER;
/****************************************************************
 * Generated by software with PDElib inside                    *
 * PDElib Version v51a, created Fri 09/10/2010                  *
 * ITI Transcendata (http://www.transcendata.com/)              *
 ****************************************************************/
FILE_DESCRIPTION((' '),'2;1');
FILE_NAME('P:\\E-Switch Secure\\3D_MODELS_STP_FORMAT\\TL3315NFxxxQ.stp','2017-07-19T14:52:27',(' '),(' '),' ','ACIS',' ');
FILE_SCHEMA(('CONFIG_CONTROL_DESIGN'));
ENDSEC;
DATA;
#1=APPLICATION_CONTEXT('configuration controlled 3D designs of mechanical parts and assemblies');
#2=APPLICATION_PROTOCOL_DEFINITION('International Standard','config_control_design',1995,#1);
#3=MECHANICAL_CONTEXT('None',#1,'mechanical');
#4=PRODUCT('P:\\E-Switch Secure\\3D_MODELS_STP_FORMAT\\TL3315NFxxxQ.stp','P:\\E-Switch Secure\\3D_MODELS_STP_FORMAT\\TL3315NFxxxQ.stp','None',(#3));
#5=PRODUCT_RELATED_PRODUCT_CATEGORY('detail',$,(#4));
#6=PRODUCT_CATEGORY('part',$);
#7=PRODUCT_CATEGORY_RELATIONSHIP('None','None',#6,#5);
#8=PERSON('PERSON1','None','None',$,$,$);
#9=ORGANIZATION('','None','None');
#10=PERSON_AND_ORGANIZATION(#8,#9);
#11=PERSON_AND_ORGANIZATION_ROLE('design_owner');
#12=CC_DESIGN_PERSON_AND_ORGANIZATION_ASSIGNMENT(#10,#11,(#4));
#13=PRODUCT_DEFINITION_FORMATION_WITH_SPECIFIED_SOURCE('None','None',#4,.NOT_KNOWN.);
#14=PERSON('PERSON2','None','None',$,$,$);
#15=PERSON_AND_ORGANIZATION(#14,#9);
#16=PERSON_AND_ORGANIZATION_ROLE('creator');
#17=CC_DESIGN_PERSON_AND_ORGANIZATION_ASSIGNMENT(#15,#16,(#13));
#18=PERSON('PERSON3','None','None',$,$,$);
#19=PERSON_AND_ORGANIZATION(#18,#9);
#20=PERSON_AND_ORGANIZATION_ROLE('part_supplier');
#21=CC_DESIGN_PERSON_AND_ORGANIZATION_ASSIGNMENT(#19,#20,(#13));
#22=APPROVAL_STATUS('approved');
#23=APPROVAL(#22,'None');
#24=PERSON('PERSON4','None','None',$,$,$);
#25=PERSON_AND_ORGANIZATION(#24,#9);
#26=APPROVAL_ROLE('None');
#27=APPROVAL_PERSON_ORGANIZATION(#25,#23,#26);
#28=CALENDAR_DATE(2017,19,7);
#29=COORDINATED_UNIVERSAL_TIME_OFFSET(0,0,.AHEAD.);
#30=LOCAL_TIME(14,52,27.0,#29);
#31=DATE_AND_TIME(#28,#30);
#32=APPROVAL_DATE_TIME(#31,#23);
#33=CC_DESIGN_APPROVAL(#23,(#13));
#34=SECURITY_CLASSIFICATION_LEVEL('unclassified');
#35=SECURITY_CLASSIFICATION('None','None',#34);
#36=CC_DESIGN_SECURITY_CLASSIFICATION(#35,(#13));
#37=PERSON('PERSON5','None','None',$,$,$);
#38=PERSON_AND_ORGANIZATION(#37,#9);
#39=APPROVAL_PERSON_ORGANIZATION(#38,#23,#26);
#40=CC_DESIGN_APPROVAL(#23,(#35));
#41=PERSON('PERSON6','None','None',$,$,$);
#42=PERSON_AND_ORGANIZATION(#41,#9);
#43=PERSON_AND_ORGANIZATION_ROLE('classification_officer');
#44=CC_DESIGN_PERSON_AND_ORGANIZATION_ASSIGNMENT(#42,#43,(#35));
#45=DATE_TIME_ROLE('classification_date');
#46=CC_DESIGN_DATE_AND_TIME_ASSIGNMENT(#31,#45,(#35));
#47=DESIGN_CONTEXT('part definition',#1,'design');
#48=PRODUCT_DEFINITION('None','None',#13,#47);
#49=PERSON('PERSON7','None','None',$,$,$);
#50=PERSON_AND_ORGANIZATION(#49,#9);
#51=CC_DESIGN_PERSON_AND_ORGANIZATION_ASSIGNMENT(#50,#16,(#48));
#52=DATE_TIME_ROLE('creation_date');
#53=CC_DESIGN_DATE_AND_TIME_ASSIGNMENT(#31,#52,(#48));
#54=PERSON('PERSON8','None','None',$,$,$);
#55=PERSON_AND_ORGANIZATION(#54,#9);
#56=APPROVAL_PERSON_ORGANIZATION(#55,#23,#26);
#57=CC_DESIGN_APPROVAL(#23,(#48));
#58=(NAMED_UNIT(*)PLANE_ANGLE_UNIT()SI_UNIT($,.RADIAN.));
#59=DIMENSIONAL_EXPONENTS(0.0,0.0,0.0,0.0,0.0,0.0,0.0);
#60=PLANE_ANGLE_MEASURE_WITH_UNIT(PLANE_ANGLE_MEASURE(0.0174532925),#58);
#61=(CONVERSION_BASED_UNIT('DEGREE',#60)NAMED_UNIT(#59)PLANE_ANGLE_UNIT());
#62=(NAMED_UNIT(*)SI_UNIT($,.STERADIAN.)SOLID_ANGLE_UNIT());
#63=(LENGTH_UNIT()NAMED_UNIT(*)SI_UNIT(.CENTI.,.METRE.));
#64=DIMENSIONAL_EXPONENTS(1.0,0.0,0.0,0.0,0.0,0.0,0.0);
#65=LENGTH_MEASURE_WITH_UNIT(LENGTH_MEASURE(2.54),#63);
#66=(CONVERSION_BASED_UNIT('INCH',#65)LENGTH_UNIT()NAMED_UNIT(#64));
#67=UNCERTAINTY_MEASURE_WITH_UNIT(LENGTH_MEASURE(0.001),#66,'DISTANCE_ACCURACY_VALUE','');
#68=(GEOMETRIC_REPRESENTATION_CONTEXT(3)GLOBAL_UNCERTAINTY_ASSIGNED_CONTEXT((#67))GLOBAL_UNIT_ASSIGNED_CONTEXT((#61,#62,#66))REPRESENTATION_CONTEXT('None','None'));
#69=AXIS2_PLACEMENT_3D('',#70,#71,#72);
#70=CARTESIAN_POINT('',(0.0,0.0,0.0));
#71=DIRECTION('',(0.0,0.0,1.0));
#72=DIRECTION('',(1.0,0.0,0.0));
#73=SHAPE_REPRESENTATION('',(#69),#68);
#74=PRODUCT_DEFINITION_SHAPE('','',#48);
#75=SHAPE_DEFINITION_REPRESENTATION(#74,#73);
#76=UNCERTAINTY_MEASURE_WITH_UNIT(LENGTH_MEASURE(0.000001),#63,'DISTANCE_ACCURACY_VALUE','');
#77=(GEOMETRIC_REPRESENTATION_CONTEXT(3)GLOBAL_UNCERTAINTY_ASSIGNED_CONTEXT((#76))GLOBAL_UNIT_ASSIGNED_CONTEXT((#61,#62,#63))REPRESENTATION_CONTEXT('','3D'));
#78=CARTESIAN_POINT('',(-0.089862204724409,0.042827263779527,-0.010925196850393));
#79=DIRECTION('',(-0.351123441588372,0.936329177569052,0.0));
#80=AXIS2_PLACEMENT_3D('',#78,#79,#71);
#81=PLANE('',#80);
#82=CARTESIAN_POINT('',(-0.07283464566929,0.049212598425197,-0.007677165354331));
#83=VERTEX_POINT('',#82);
#84=CARTESIAN_POINT('',(-0.072834645669291,0.049212598425197,0.011811023622047));
#85=VERTEX_POINT('',#84);
#86=CARTESIAN_POINT('',(-0.072834645669291,0.049212598425197,-0.007677165354331));
#87=VECTOR('',#71,0.019488188976378);
#88=LINE('',#86,#87);
#89=EDGE_CURVE('',#83,#85,#88,.T.);
#90=ORIENTED_EDGE('',*,*,#89,.F.);
#91=CARTESIAN_POINT('',(-0.062992125984252,0.052903543307087,-0.007677165354331));
#92=VERTEX_POINT('',#91);
#93=DIRECTION('',(-0.936329177569035,-0.351123441588418,0.0));
#94=VECTOR('',#93,0.010511815631541);
#95=LINE('',#91,#94);
#96=EDGE_CURVE('',#92,#83,#95,.T.);
#97=ORIENTED_EDGE('',*,*,#96,.F.);
#98=CARTESIAN_POINT('',(-0.062992125984252,0.052903543307087,-0.009842519685039));
#99=VERTEX_POINT('',#98);
#100=VECTOR('',#71,0.002165354330708);
#101=LINE('',#98,#100);
#102=EDGE_CURVE('',#99,#92,#101,.T.);
#103=ORIENTED_EDGE('',*,*,#102,.F.);
#104=CARTESIAN_POINT('',(-0.088582677165354,0.043307086614173,-0.009842519685039));
#105=VERTEX_POINT('',#104);
#106=DIRECTION('',(-0.936329177569045,-0.35112344158839,0.0));
#107=VECTOR('',#106,0.02733072064201);
#108=LINE('',#98,#107);
#109=EDGE_CURVE('',#99,#105,#108,.T.);
#110=ORIENTED_EDGE('',*,*,#109,.T.);
#111=CARTESIAN_POINT('',(-0.088582677165354,0.043307086614173,0.011811023622047));
#112=VERTEX_POINT('',#111);
#113=VECTOR('',#71,0.021653543307086);
#114=LINE('',#104,#113);
#115=EDGE_CURVE('',#105,#112,#114,.T.);
#116=ORIENTED_EDGE('',*,*,#115,.T.);
#117=DIRECTION('',(0.936329177569044,0.351123441588394,0.0));
#118=VECTOR('',#117,0.016818905010468);
#119=LINE('',#111,#118);
#120=EDGE_CURVE('',#112,#85,#119,.T.);
#121=ORIENTED_EDGE('',*,*,#120,.T.);
#122=EDGE_LOOP('',(#90,#97,#103,#110,#116,#121));
#123=FACE_OUTER_BOUND('',#122,.T.);
#124=ADVANCED_FACE('',(#123),#81,.T.);
#125=CARTESIAN_POINT('',(-0.088582677165354,-0.047637795275591,-0.010925196850393));
#126=DIRECTION('',(-1.0,0.0,0.0));
#127=AXIS2_PLACEMENT_3D('',#125,#126,#71);
#128=PLANE('',#127);
#129=ORIENTED_EDGE('',*,*,#115,.F.);
#130=CARTESIAN_POINT('',(-0.088582677165354,-0.043307086614174,-0.009842519685039));
#131=VERTEX_POINT('',#130);
#132=DIRECTION('',(0.0,-1.0,0.0));
#133=VECTOR('',#132,0.086614173228347);
#134=LINE('',#104,#133);
#135=EDGE_CURVE('',#105,#131,#134,.T.);
#136=ORIENTED_EDGE('',*,*,#135,.T.);
#137=CARTESIAN_POINT('',(-0.088582677165354,-0.043307086614174,0.011811023622047));
#138=VERTEX_POINT('',#137);
#139=LINE('',#130,#113);
#140=EDGE_CURVE('',#131,#138,#139,.T.);
#141=ORIENTED_EDGE('',*,*,#140,.T.);
#142=DIRECTION('',(0.0,1.0,0.0));
#143=VECTOR('',#142,0.086614173228347);
#144=LINE('',#137,#143);
#145=EDGE_CURVE('',#138,#112,#144,.T.);
#146=ORIENTED_EDGE('',*,*,#145,.T.);
#147=EDGE_LOOP('',(#129,#136,#141,#146));
#148=FACE_OUTER_BOUND('',#147,.T.);
#149=ADVANCED_FACE('',(#148),#128,.T.);
#150=CARTESIAN_POINT('',(-0.089862204724409,-0.042827263779528,0.012893700787401));
#151=DIRECTION('',(-0.351123441588353,-0.936329177569059,0.0));
#152=DIRECTION('',(0.0,0.0,-1.0));
#153=AXIS2_PLACEMENT_3D('',#150,#151,#152);
#154=PLANE('',#153);
#155=ORIENTED_EDGE('',*,*,#140,.F.);
#156=CARTESIAN_POINT('',(-0.062992125984252,-0.052903543307087,-0.009842519685039));
#157=VERTEX_POINT('',#156);
#158=DIRECTION('',(-0.93632917756905,0.351123441588378,0.0));
#159=VECTOR('',#158,0.027330720642009);
#160=LINE('',#156,#159);
#161=EDGE_CURVE('',#157,#131,#160,.T.);
#162=ORIENTED_EDGE('',*,*,#161,.F.);
#163=CARTESIAN_POINT('',(-0.062992125984252,-0.052903543307087,-0.007677165354331));
#164=VERTEX_POINT('',#163);
#165=LINE('',#156,#100);
#166=EDGE_CURVE('',#157,#164,#165,.T.);
#167=ORIENTED_EDGE('',*,*,#166,.T.);
#168=CARTESIAN_POINT('',(-0.07283464566929,-0.049212598425197,-0.007677165354331));
#169=VERTEX_POINT('',#168);
#170=DIRECTION('',(0.936329177569035,-0.351123441588418,0.0));
#171=VECTOR('',#170,0.010511815631541);
#172=LINE('',#168,#171);
#173=EDGE_CURVE('',#169,#164,#172,.T.);
#174=ORIENTED_EDGE('',*,*,#173,.F.);
#175=CARTESIAN_POINT('',(-0.072834645669291,-0.049212598425197,0.011811023622047));
#176=VERTEX_POINT('',#175);
#177=CARTESIAN_POINT('',(-0.072834645669291,-0.049212598425197,-0.007677165354331));
#178=LINE('',#177,#87);
#179=EDGE_CURVE('',#169,#176,#178,.T.);
#180=ORIENTED_EDGE('',*,*,#179,.T.);
#181=DIRECTION('',(-0.936329177569051,0.351123441588373,0.0));
#182=VECTOR('',#181,0.016818905010467);
#183=LINE('',#175,#182);
#184=EDGE_CURVE('',#176,#138,#183,.T.);
#185=ORIENTED_EDGE('',*,*,#184,.T.);
#186=EDGE_LOOP('',(#155,#162,#167,#174,#180,#185));
#187=FACE_OUTER_BOUND('',#186,.T.);
#188=ADVANCED_FACE('',(#187),#154,.T.);
#189=CARTESIAN_POINT('',(-0.07283464566929,-0.090551181102362,-0.00865157480315));
#190=AXIS2_PLACEMENT_3D('',#189,#126,#71);
#191=PLANE('',#190);
#192=CARTESIAN_POINT('',(-0.07283464566929,-0.078740157480316,-0.003937007864656));
#193=VERTEX_POINT('',#192);
#194=CARTESIAN_POINT('',(-0.07283464566929,-0.078740157480316,-0.007677165354331));
#195=VERTEX_POINT('',#194);
#196=VECTOR('',#152,0.003740157489675);
#197=LINE('',#192,#196);
#198=EDGE_CURVE('',#193,#195,#197,.T.);
#199=ORIENTED_EDGE('',*,*,#198,.T.);
#200=CARTESIAN_POINT('',(-0.07283464566929,-0.088582677165354,-0.007677165354331));
#201=VERTEX_POINT('',#200);
#202=VECTOR('',#132,0.009842519685038);
#203=LINE('',#194,#202);
#204=EDGE_CURVE('',#195,#201,#203,.T.);
#205=ORIENTED_EDGE('',*,*,#204,.T.);
#206=CARTESIAN_POINT('',(-0.072834645669291,-0.088582677165354,0.011811023622047));
#207=VERTEX_POINT('',#206);
#208=CARTESIAN_POINT('',(-0.072834645669291,-0.088582677165354,-0.007677165354331));
#209=LINE('',#208,#87);
#210=EDGE_CURVE('',#201,#207,#209,.T.);
#211=ORIENTED_EDGE('',*,*,#210,.T.);
#212=VECTOR('',#142,0.039370078740157);
#213=LINE('',#206,#212);
#214=EDGE_CURVE('',#207,#176,#213,.T.);
#215=ORIENTED_EDGE('',*,*,#214,.T.);
#216=ORIENTED_EDGE('',*,*,#179,.F.);
#217=CARTESIAN_POINT('',(-0.07283464566929,-0.059055118110237,-0.007677165354331));
#218=VERTEX_POINT('',#217);
#219=VECTOR('',#132,0.00984251968504);
#220=LINE('',#168,#219);
#221=EDGE_CURVE('',#169,#218,#220,.T.);
#222=ORIENTED_EDGE('',*,*,#221,.T.);
#223=CARTESIAN_POINT('',(-0.07283464566929,-0.059055118110237,-0.003937007864656));
#224=VERTEX_POINT('',#223);
#225=VECTOR('',#71,0.003740157489675);
#226=LINE('',#217,#225);
#227=EDGE_CURVE('',#218,#224,#226,.T.);
#228=ORIENTED_EDGE('',*,*,#227,.T.);
#229=VECTOR('',#132,0.019685039370079);
#230=LINE('',#223,#229);
#231=EDGE_CURVE('',#224,#193,#230,.T.);
#232=ORIENTED_EDGE('',*,*,#231,.T.);
#233=EDGE_LOOP('',(#199,#205,#211,#215,#216,#222,#228,#232));
#234=FACE_OUTER_BOUND('',#233,.T.);
#235=ADVANCED_FACE('',(#234),#191,.T.);
#236=CARTESIAN_POINT('',(-0.08011811023622,-0.088582677165354,0.012893700787401));
#237=AXIS2_PLACEMENT_3D('',#236,#132,#152);
#238=PLANE('',#237);
#239=CARTESIAN_POINT('',(0.062992125984252,-0.088582677165354,-0.007677165354331));
#240=VERTEX_POINT('',#239);
#241=CARTESIAN_POINT('',(0.072834645669292,-0.088582677165354,-0.007677165354331));
#242=VERTEX_POINT('',#241);
#243=VECTOR('',#72,0.00984251968504);
#244=LINE('',#239,#243);
#245=EDGE_CURVE('',#240,#242,#244,.T.);
#246=ORIENTED_EDGE('',*,*,#245,.T.);
#247=CARTESIAN_POINT('',(0.072834645669291,-0.088582677165354,0.011811023622047));
#248=VERTEX_POINT('',#247);
#249=CARTESIAN_POINT('',(0.072834645669291,-0.088582677165354,-0.007677165354331));
#250=LINE('',#249,#87);
#251=EDGE_CURVE('',#242,#248,#250,.T.);
#252=ORIENTED_EDGE('',*,*,#251,.T.);
#253=VECTOR('',#126,0.145669291338582);
#254=LINE('',#247,#253);
#255=EDGE_CURVE('',#248,#207,#254,.T.);
#256=ORIENTED_EDGE('',*,*,#255,.T.);
#257=ORIENTED_EDGE('',*,*,#210,.F.);
#258=CARTESIAN_POINT('',(-0.062992125984252,-0.088582677165354,-0.007677165354331));
#259=VERTEX_POINT('',#258);
#260=VECTOR('',#72,0.009842519685038);
#261=LINE('',#200,#260);
#262=EDGE_CURVE('',#201,#259,#261,.T.);
#263=ORIENTED_EDGE('',*,*,#262,.T.);
#264=CARTESIAN_POINT('',(-0.062992125984252,-0.088582677165354,-0.009842519685039));
#265=VERTEX_POINT('',#264);
#266=VECTOR('',#152,0.002165354330708);
#267=LINE('',#258,#266);
#268=EDGE_CURVE('',#259,#265,#267,.T.);
#269=ORIENTED_EDGE('',*,*,#268,.T.);
#270=CARTESIAN_POINT('',(0.062992125984252,-0.088582677165354,-0.009842519685039));
#271=VERTEX_POINT('',#270);
#272=VECTOR('',#72,0.125984251968504);
#273=LINE('',#264,#272);
#274=EDGE_CURVE('',#265,#271,#273,.T.);
#275=ORIENTED_EDGE('',*,*,#274,.T.);
#276=LINE('',#270,#100);
#277=EDGE_CURVE('',#271,#240,#276,.T.);
#278=ORIENTED_EDGE('',*,*,#277,.T.);
#279=EDGE_LOOP('',(#246,#252,#256,#257,#263,#269,#275,#278));
#280=FACE_OUTER_BOUND('',#279,.T.);
#281=ADVANCED_FACE('',(#280),#238,.T.);
#282=CARTESIAN_POINT('',(0.061712598425197,-0.053383366141733,0.012893700787401));
#283=DIRECTION('',(0.351123441588409,-0.936329177569038,0.0));
#284=AXIS2_PLACEMENT_3D('',#282,#283,#152);
#285=PLANE('',#284);
#286=CARTESIAN_POINT('',(0.072834645669292,-0.049212598425197,-0.007677165354331));
#287=VERTEX_POINT('',#286);
#288=CARTESIAN_POINT('',(0.072834645669291,-0.049212598425197,0.011811023622047));
#289=VERTEX_POINT('',#288);
#290=CARTESIAN_POINT('',(0.072834645669291,-0.049212598425197,-0.007677165354331));
#291=LINE('',#290,#87);
#292=EDGE_CURVE('',#287,#289,#291,.T.);
#293=ORIENTED_EDGE('',*,*,#292,.F.);
#294=CARTESIAN_POINT('',(0.062992125984252,-0.052903543307087,-0.007677165354331));
#295=VERTEX_POINT('',#294);
#296=DIRECTION('',(0.936329177569058,0.351123441588355,0.0));
#297=VECTOR('',#296,0.010511815631543);
#298=LINE('',#294,#297);
#299=EDGE_CURVE('',#295,#287,#298,.T.);
#300=ORIENTED_EDGE('',*,*,#299,.F.);
#301=CARTESIAN_POINT('',(0.062992125984252,-0.052903543307087,-0.009842519685039));
#302=VERTEX_POINT('',#301);
#303=LINE('',#301,#100);
#304=EDGE_CURVE('',#302,#295,#303,.T.);
#305=ORIENTED_EDGE('',*,*,#304,.F.);
#306=CARTESIAN_POINT('',(0.088582677165354,-0.043307086614173,-0.009842519685039));
#307=VERTEX_POINT('',#306);
#308=DIRECTION('',(0.936329177569046,0.351123441588388,0.0));
#309=VECTOR('',#308,0.02733072064201);
#310=LINE('',#301,#309);
#311=EDGE_CURVE('',#302,#307,#310,.T.);
#312=ORIENTED_EDGE('',*,*,#311,.T.);
#313=CARTESIAN_POINT('',(0.088582677165354,-0.043307086614173,0.011811023622047));
#314=VERTEX_POINT('',#313);
#315=LINE('',#306,#113);
#316=EDGE_CURVE('',#307,#314,#315,.T.);
#317=ORIENTED_EDGE('',*,*,#316,.T.);
#318=DIRECTION('',(-0.936329177569045,-0.351123441588389,0.0));
#319=VECTOR('',#318,0.016818905010468);
#320=LINE('',#313,#319);
#321=EDGE_CURVE('',#314,#289,#320,.T.);
#322=ORIENTED_EDGE('',*,*,#321,.T.);
#323=EDGE_LOOP('',(#293,#300,#305,#312,#317,#322));
#324=FACE_OUTER_BOUND('',#323,.T.);
#325=ADVANCED_FACE('',(#324),#285,.T.);
#326=CARTESIAN_POINT('',(0.088582677165354,-0.04763779527559,0.012893700787401));
#327=AXIS2_PLACEMENT_3D('',#326,#72,#152);
#328=PLANE('',#327);
#329=ORIENTED_EDGE('',*,*,#316,.F.);
#330=CARTESIAN_POINT('',(0.088582677165354,0.043307086614174,-0.009842519685039));
#331=VERTEX_POINT('',#330);
#332=LINE('',#306,#143);
#333=EDGE_CURVE('',#307,#331,#332,.T.);
#334=ORIENTED_EDGE('',*,*,#333,.T.);
#335=CARTESIAN_POINT('',(0.088582677165354,0.043307086614174,0.011811023622047));
#336=VERTEX_POINT('',#335);
#337=LINE('',#330,#113);
#338=EDGE_CURVE('',#331,#336,#337,.T.);
#339=ORIENTED_EDGE('',*,*,#338,.T.);
#340=LINE('',#335,#133);
#341=EDGE_CURVE('',#336,#314,#340,.T.);
#342=ORIENTED_EDGE('',*,*,#341,.T.);
#343=EDGE_LOOP('',(#329,#334,#339,#342));
#344=FACE_OUTER_BOUND('',#343,.T.);
#345=ADVANCED_FACE('',(#344),#328,.T.);
#346=CARTESIAN_POINT('',(0.061712598425197,0.053383366141733,-0.010925196850393));
#347=DIRECTION('',(0.351123441588393,0.936329177569044,0.0));
#348=AXIS2_PLACEMENT_3D('',#346,#347,#71);
#349=PLANE('',#348);
#350=ORIENTED_EDGE('',*,*,#338,.F.);
#351=CARTESIAN_POINT('',(0.062992125984252,0.052903543307087,-0.009842519685039));
#352=VERTEX_POINT('',#351);
#353=DIRECTION('',(0.93632917756905,-0.351123441588377,0.0));
#354=VECTOR('',#353,0.027330720642009);
#355=LINE('',#351,#354);
#356=EDGE_CURVE('',#352,#331,#355,.T.);
#357=ORIENTED_EDGE('',*,*,#356,.F.);
#358=CARTESIAN_POINT('',(0.062992125984252,0.052903543307087,-0.007677165354331));
#359=VERTEX_POINT('',#358);
#360=LINE('',#351,#100);
#361=EDGE_CURVE('',#352,#359,#360,.T.);
#362=ORIENTED_EDGE('',*,*,#361,.T.);
#363=CARTESIAN_POINT('',(0.072834645669292,0.049212598425197,-0.007677165354331));
#364=VERTEX_POINT('',#363);
#365=DIRECTION('',(-0.936329177569059,0.351123441588354,0.0));
#366=VECTOR('',#365,0.010511815631543);
#367=LINE('',#363,#366);
#368=EDGE_CURVE('',#364,#359,#367,.T.);
#369=ORIENTED_EDGE('',*,*,#368,.F.);
#370=CARTESIAN_POINT('',(0.072834645669291,0.049212598425197,0.011811023622047));
#371=VERTEX_POINT('',#370);
#372=CARTESIAN_POINT('',(0.072834645669291,0.049212598425197,-0.007677165354331));
#373=LINE('',#372,#87);
#374=EDGE_CURVE('',#364,#371,#373,.T.);
#375=ORIENTED_EDGE('',*,*,#374,.T.);
#376=DIRECTION('',(0.936329177569052,-0.351123441588372,0.0));
#377=VECTOR('',#376,0.016818905010467);
#378=LINE('',#370,#377);
#379=EDGE_CURVE('',#371,#336,#378,.T.);
#380=ORIENTED_EDGE('',*,*,#379,.T.);
#381=EDGE_LOOP('',(#350,#357,#362,#369,#375,#380));
#382=FACE_OUTER_BOUND('',#381,.T.);
#383=ADVANCED_FACE('',(#382),#349,.T.);
#384=CARTESIAN_POINT('',(-0.07283464566929,0.047244094488189,-0.00865157480315));
#385=AXIS2_PLACEMENT_3D('',#384,#126,#71);
#386=PLANE('',#385);
#387=CARTESIAN_POINT('',(-0.07283464566929,0.059055118110235,-0.003937007864656));
#388=VERTEX_POINT('',#387);
#389=CARTESIAN_POINT('',(-0.07283464566929,0.059055118110235,-0.007677165354331));
#390=VERTEX_POINT('',#389);
#391=LINE('',#387,#196);
#392=EDGE_CURVE('',#388,#390,#391,.T.);
#393=ORIENTED_EDGE('',*,*,#392,.T.);
#394=LINE('',#389,#202);
#395=EDGE_CURVE('',#390,#83,#394,.T.);
#396=ORIENTED_EDGE('',*,*,#395,.T.);
#397=ORIENTED_EDGE('',*,*,#89,.T.);
#398=CARTESIAN_POINT('',(-0.072834645669291,0.088582677165354,0.011811023622047));
#399=VERTEX_POINT('',#398);
#400=LINE('',#84,#212);
#401=EDGE_CURVE('',#85,#399,#400,.T.);
#402=ORIENTED_EDGE('',*,*,#401,.T.);
#403=CARTESIAN_POINT('',(-0.07283464566929,0.088582677165354,-0.007677165354331));
#404=VERTEX_POINT('',#403);
#405=CARTESIAN_POINT('',(-0.07283464566929,0.088582677165354,0.011811023622047));
#406=VECTOR('',#152,0.019488188976378);
#407=LINE('',#405,#406);
#408=EDGE_CURVE('',#399,#404,#407,.T.);
#409=ORIENTED_EDGE('',*,*,#408,.T.);
#410=CARTESIAN_POINT('',(-0.07283464566929,0.078740157480314,-0.007677165354331));
#411=VERTEX_POINT('',#410);
#412=LINE('',#403,#219);
#413=EDGE_CURVE('',#404,#411,#412,.T.);
#414=ORIENTED_EDGE('',*,*,#413,.T.);
#415=CARTESIAN_POINT('',(-0.07283464566929,0.078740157480314,-0.003937007864656));
#416=VERTEX_POINT('',#415);
#417=LINE('',#410,#225);
#418=EDGE_CURVE('',#411,#416,#417,.T.);
#419=ORIENTED_EDGE('',*,*,#418,.T.);
#420=LINE('',#415,#229);
#421=EDGE_CURVE('',#416,#388,#420,.T.);
#422=ORIENTED_EDGE('',*,*,#421,.T.);
#423=EDGE_LOOP('',(#393,#396,#397,#402,#409,#414,#419,#422));
#424=FACE_OUTER_BOUND('',#423,.T.);
#425=ADVANCED_FACE('',(#424),#386,.T.);
#426=CARTESIAN_POINT('',(-0.09744094488189,-0.097440944881889,-0.009842519685039));
#427=AXIS2_PLACEMENT_3D('',#426,#71,#72);
#428=PLANE('',#427);
#429=ORIENTED_EDGE('',*,*,#311,.F.);
#430=VECTOR('',#132,0.035679133858267);
#431=LINE('',#301,#430);
#432=EDGE_CURVE('',#302,#271,#431,.T.);
#433=ORIENTED_EDGE('',*,*,#432,.T.);
#434=ORIENTED_EDGE('',*,*,#274,.F.);
#435=VECTOR('',#142,0.035679133858267);
#436=LINE('',#264,#435);
#437=EDGE_CURVE('',#265,#157,#436,.T.);
#438=ORIENTED_EDGE('',*,*,#437,.T.);
#439=ORIENTED_EDGE('',*,*,#161,.T.);
#440=ORIENTED_EDGE('',*,*,#135,.F.);
#441=ORIENTED_EDGE('',*,*,#109,.F.);
#442=CARTESIAN_POINT('',(-0.062992125984252,0.088582677165354,-0.009842519685039));
#443=VERTEX_POINT('',#442);
#444=LINE('',#98,#435);
#445=EDGE_CURVE('',#99,#443,#444,.T.);
#446=ORIENTED_EDGE('',*,*,#445,.T.);
#447=CARTESIAN_POINT('',(0.062992125984252,0.088582677165354,-0.009842519685039));
#448=VERTEX_POINT('',#447);
#449=VECTOR('',#126,0.125984251968504);
#450=LINE('',#447,#449);
#451=EDGE_CURVE('',#448,#443,#450,.T.);
#452=ORIENTED_EDGE('',*,*,#451,.F.);
#453=LINE('',#447,#430);
#454=EDGE_CURVE('',#448,#352,#453,.T.);
#455=ORIENTED_EDGE('',*,*,#454,.T.);
#456=ORIENTED_EDGE('',*,*,#356,.T.);
#457=ORIENTED_EDGE('',*,*,#333,.F.);
#458=EDGE_LOOP('',(#429,#433,#434,#438,#439,#440,#441,#446,#452,#455,#456,#457));
#459=FACE_OUTER_BOUND('',#458,.T.);
#460=ADVANCED_FACE('',(#459),#428,.F.);
#461=CARTESIAN_POINT('',(-0.08011811023622,0.088582677165354,-0.010925196850393));
#462=AXIS2_PLACEMENT_3D('',#461,#142,#71);
#463=PLANE('',#462);
#464=CARTESIAN_POINT('',(0.072834645669292,0.088582677165354,-0.007677165354331));
#465=VERTEX_POINT('',#464);
#466=CARTESIAN_POINT('',(0.062992125984252,0.088582677165354,-0.007677165354331));
#467=VERTEX_POINT('',#466);
#468=VECTOR('',#126,0.00984251968504);
#469=LINE('',#464,#468);
#470=EDGE_CURVE('',#465,#467,#469,.T.);
#471=ORIENTED_EDGE('',*,*,#470,.T.);
#472=LINE('',#466,#266);
#473=EDGE_CURVE('',#467,#448,#472,.T.);
#474=ORIENTED_EDGE('',*,*,#473,.T.);
#475=ORIENTED_EDGE('',*,*,#451,.T.);
#476=CARTESIAN_POINT('',(-0.062992125984252,0.088582677165354,-0.007677165354331));
#477=VERTEX_POINT('',#476);
#478=LINE('',#442,#100);
#479=EDGE_CURVE('',#443,#477,#478,.T.);
#480=ORIENTED_EDGE('',*,*,#479,.T.);
#481=VECTOR('',#126,0.009842519685038);
#482=LINE('',#476,#481);
#483=EDGE_CURVE('',#477,#404,#482,.T.);
#484=ORIENTED_EDGE('',*,*,#483,.T.);
#485=ORIENTED_EDGE('',*,*,#408,.F.);
#486=CARTESIAN_POINT('',(0.072834645669291,0.088582677165354,0.011811023622047));
#487=VERTEX_POINT('',#486);
#488=VECTOR('',#72,0.145669291338582);
#489=LINE('',#398,#488);
#490=EDGE_CURVE('',#399,#487,#489,.T.);
#491=ORIENTED_EDGE('',*,*,#490,.T.);
#492=CARTESIAN_POINT('',(0.072834645669291,0.088582677165354,-0.007677165354331));
#493=LINE('',#492,#87);
#494=EDGE_CURVE('',#465,#487,#493,.T.);
#495=ORIENTED_EDGE('',*,*,#494,.F.);
#496=EDGE_LOOP('',(#471,#474,#475,#480,#484,#485,#491,#495));
#497=FACE_OUTER_BOUND('',#496,.T.);
#498=ADVANCED_FACE('',(#497),#463,.T.);
#499=CARTESIAN_POINT('',(0.0625,0.048720472440945,-0.007677165354331));
#500=AXIS2_PLACEMENT_3D('',#499,#71,#72);
#501=PLANE('',#500);
#502=CARTESIAN_POINT('',(0.062992125984252,0.059055118110235,-0.007677165354331));
#503=VERTEX_POINT('',#502);
#504=CARTESIAN_POINT('',(0.072834645669292,0.059055118110235,-0.007677165354331));
#505=VERTEX_POINT('',#504);
#506=LINE('',#502,#243);
#507=EDGE_CURVE('',#503,#505,#506,.T.);
#508=ORIENTED_EDGE('',*,*,#507,.T.);
#509=VECTOR('',#142,0.009842519685038);
#510=LINE('',#363,#509);
#511=EDGE_CURVE('',#364,#505,#510,.T.);
#512=ORIENTED_EDGE('',*,*,#511,.F.);
#513=ORIENTED_EDGE('',*,*,#368,.T.);
#514=VECTOR('',#142,0.006151574803148);
#515=LINE('',#358,#514);
#516=EDGE_CURVE('',#359,#503,#515,.T.);
#517=ORIENTED_EDGE('',*,*,#516,.T.);
#518=EDGE_LOOP('',(#508,#512,#513,#517));
#519=FACE_OUTER_BOUND('',#518,.T.);
#520=ADVANCED_FACE('',(#519),#501,.F.);
#521=CARTESIAN_POINT('',(0.062992125984252,0.051119586614174,-0.009950787401574));
#522=AXIS2_PLACEMENT_3D('',#521,#126,#71);
#523=PLANE('',#522);
#524=CARTESIAN_POINT('',(0.062992125984252,0.059055118110235,-0.007874015738747));
#525=VERTEX_POINT('',#524);
#526=VECTOR('',#71,0.000196850384416);
#527=LINE('',#524,#526);
#528=EDGE_CURVE('',#525,#503,#527,.T.);
#529=ORIENTED_EDGE('',*,*,#528,.T.);
#530=ORIENTED_EDGE('',*,*,#516,.F.);
#531=ORIENTED_EDGE('',*,*,#361,.F.);
#532=ORIENTED_EDGE('',*,*,#454,.F.);
#533=ORIENTED_EDGE('',*,*,#473,.F.);
#534=CARTESIAN_POINT('',(0.062992125984252,0.078740157480314,-0.007677165354331));
#535=VERTEX_POINT('',#534);
#536=VECTOR('',#142,0.00984251968504);
#537=LINE('',#534,#536);
#538=EDGE_CURVE('',#535,#467,#537,.T.);
#539=ORIENTED_EDGE('',*,*,#538,.F.);
#540=CARTESIAN_POINT('',(0.062992125984252,0.078740157480314,-0.007874015738745));
#541=VERTEX_POINT('',#540);
#542=VECTOR('',#152,0.000196850384414);
#543=LINE('',#534,#542);
#544=EDGE_CURVE('',#535,#541,#543,.T.);
#545=ORIENTED_EDGE('',*,*,#544,.T.);
#546=CARTESIAN_POINT('',(0.062992125984252,0.078740157480314,-0.007874015738919));
#547=LINE('',#546,#229);
#548=EDGE_CURVE('',#541,#525,#547,.T.);
#549=ORIENTED_EDGE('',*,*,#548,.T.);
#550=EDGE_LOOP('',(#529,#530,#531,#532,#533,#539,#545,#549));
#551=FACE_OUTER_BOUND('',#550,.T.);
#552=ADVANCED_FACE('',(#551),#523,.F.);
#553=CARTESIAN_POINT('',(0.0625,-0.089074803149606,-0.007677165354331));
#554=AXIS2_PLACEMENT_3D('',#553,#71,#72);
#555=PLANE('',#554);
#556=CARTESIAN_POINT('',(0.062992125984252,-0.078740157480316,-0.007677165354331));
#557=VERTEX_POINT('',#556);
#558=CARTESIAN_POINT('',(0.072834645669292,-0.078740157480316,-0.007677165354331));
#559=VERTEX_POINT('',#558);
#560=LINE('',#556,#243);
#561=EDGE_CURVE('',#557,#559,#560,.T.);
#562=ORIENTED_EDGE('',*,*,#561,.T.);
#563=LINE('',#241,#509);
#564=EDGE_CURVE('',#242,#559,#563,.T.);
#565=ORIENTED_EDGE('',*,*,#564,.F.);
#566=ORIENTED_EDGE('',*,*,#245,.F.);
#567=LINE('',#239,#509);
#568=EDGE_CURVE('',#240,#557,#567,.T.);
#569=ORIENTED_EDGE('',*,*,#568,.T.);
#570=EDGE_LOOP('',(#562,#565,#566,#569));
#571=FACE_OUTER_BOUND('',#570,.T.);
#572=ADVANCED_FACE('',(#571),#555,.F.);
#573=CARTESIAN_POINT('',(0.062992125984252,-0.090366633858267,-0.009950787401574));
#574=AXIS2_PLACEMENT_3D('',#573,#126,#71);
#575=PLANE('',#574);
#576=CARTESIAN_POINT('',(0.062992125984252,-0.078740157480316,-0.007874015738745));
#577=VERTEX_POINT('',#576);
#578=VECTOR('',#71,0.000196850384414);
#579=LINE('',#576,#578);
#580=EDGE_CURVE('',#577,#557,#579,.T.);
#581=ORIENTED_EDGE('',*,*,#580,.T.);
#582=ORIENTED_EDGE('',*,*,#568,.F.);
#583=ORIENTED_EDGE('',*,*,#277,.F.);
#584=ORIENTED_EDGE('',*,*,#432,.F.);
#585=ORIENTED_EDGE('',*,*,#304,.T.);
#586=CARTESIAN_POINT('',(0.062992125984252,-0.059055118110237,-0.007677165354331));
#587=VERTEX_POINT('',#586);
#588=VECTOR('',#142,0.00615157480315);
#589=LINE('',#586,#588);
#590=EDGE_CURVE('',#587,#295,#589,.T.);
#591=ORIENTED_EDGE('',*,*,#590,.F.);
#592=CARTESIAN_POINT('',(0.062992125984252,-0.059055118110237,-0.007874015738751));
#593=VERTEX_POINT('',#592);
#594=VECTOR('',#152,0.00019685038442);
#595=LINE('',#586,#594);
#596=EDGE_CURVE('',#587,#593,#595,.T.);
#597=ORIENTED_EDGE('',*,*,#596,.T.);
#598=CARTESIAN_POINT('',(0.062992125984252,-0.059055118110237,-0.007874015738919));
#599=LINE('',#598,#229);
#600=EDGE_CURVE('',#593,#577,#599,.T.);
#601=ORIENTED_EDGE('',*,*,#600,.T.);
#602=EDGE_LOOP('',(#581,#582,#583,#584,#585,#591,#597,#601));
#603=FACE_OUTER_BOUND('',#602,.T.);
#604=ADVANCED_FACE('',(#603),#575,.F.);
#605=CARTESIAN_POINT('',(-0.073326771653542,0.048720472440945,-0.007677165354331));
#606=AXIS2_PLACEMENT_3D('',#605,#71,#72);
#607=PLANE('',#606);
#608=CARTESIAN_POINT('',(-0.062992125984252,0.059055118110235,-0.007677165354331));
#609=VERTEX_POINT('',#608);
#610=LINE('',#389,#260);
#611=EDGE_CURVE('',#390,#609,#610,.T.);
#612=ORIENTED_EDGE('',*,*,#611,.T.);
#613=VECTOR('',#132,0.006151574803148);
#614=LINE('',#608,#613);
#615=EDGE_CURVE('',#609,#92,#614,.T.);
#616=ORIENTED_EDGE('',*,*,#615,.T.);
#617=ORIENTED_EDGE('',*,*,#96,.T.);
#618=ORIENTED_EDGE('',*,*,#395,.F.);
#619=EDGE_LOOP('',(#612,#616,#617,#618));
#620=FACE_OUTER_BOUND('',#619,.T.);
#621=ADVANCED_FACE('',(#620),#607,.F.);
#622=CARTESIAN_POINT('',(-0.073326771653542,0.078248031496062,-0.007677165354331));
#623=AXIS2_PLACEMENT_3D('',#622,#71,#72);
#624=PLANE('',#623);
#625=CARTESIAN_POINT('',(-0.062992125984252,0.078740157480314,-0.007677165354331));
#626=VERTEX_POINT('',#625);
#627=LINE('',#625,#481);
#628=EDGE_CURVE('',#626,#411,#627,.T.);
#629=ORIENTED_EDGE('',*,*,#628,.T.);
#630=ORIENTED_EDGE('',*,*,#413,.F.);
#631=ORIENTED_EDGE('',*,*,#483,.F.);
#632=LINE('',#476,#219);
#633=EDGE_CURVE('',#477,#626,#632,.T.);
#634=ORIENTED_EDGE('',*,*,#633,.T.);
#635=EDGE_LOOP('',(#629,#630,#631,#634));
#636=FACE_OUTER_BOUND('',#635,.T.);
#637=ADVANCED_FACE('',(#636),#624,.F.);
#638=CARTESIAN_POINT('',(-0.062992125984252,0.051119586614174,-0.007568897637796));
#639=AXIS2_PLACEMENT_3D('',#638,#72,#152);
#640=PLANE('',#639);
#641=CARTESIAN_POINT('',(-0.062992125984252,0.059055118110235,-0.00787401573867));
#642=VERTEX_POINT('',#641);
#643=VECTOR('',#152,0.000196850384339);
#644=LINE('',#608,#643);
#645=EDGE_CURVE('',#609,#642,#644,.T.);
#646=ORIENTED_EDGE('',*,*,#645,.T.);
#647=CARTESIAN_POINT('',(-0.062992125984252,0.078740157480314,-0.007874015738668));
#648=VERTEX_POINT('',#647);
#649=CARTESIAN_POINT('',(-0.062992125984252,0.059055118110235,-0.007874015738687));
#650=VECTOR('',#142,0.019685039370079);
#651=LINE('',#649,#650);
#652=EDGE_CURVE('',#642,#648,#651,.T.);
#653=ORIENTED_EDGE('',*,*,#652,.T.);
#654=VECTOR('',#71,0.000196850384337);
#655=LINE('',#647,#654);
#656=EDGE_CURVE('',#648,#626,#655,.T.);
#657=ORIENTED_EDGE('',*,*,#656,.T.);
#658=ORIENTED_EDGE('',*,*,#633,.F.);
#659=ORIENTED_EDGE('',*,*,#479,.F.);
#660=ORIENTED_EDGE('',*,*,#445,.F.);
#661=ORIENTED_EDGE('',*,*,#102,.T.);
#662=ORIENTED_EDGE('',*,*,#615,.F.);
#663=EDGE_LOOP('',(#646,#653,#657,#658,#659,#660,#661,#662));
#664=FACE_OUTER_BOUND('',#663,.T.);
#665=ADVANCED_FACE('',(#664),#640,.F.);
#666=CARTESIAN_POINT('',(0.0625,0.078248031496062,-0.007677165354331));
#667=AXIS2_PLACEMENT_3D('',#666,#71,#72);
#668=PLANE('',#667);
#669=CARTESIAN_POINT('',(0.072834645669292,0.078740157480314,-0.007677165354331));
#670=VERTEX_POINT('',#669);
#671=LINE('',#669,#468);
#672=EDGE_CURVE('',#670,#535,#671,.T.);
#673=ORIENTED_EDGE('',*,*,#672,.T.);
#674=ORIENTED_EDGE('',*,*,#538,.T.);
#675=ORIENTED_EDGE('',*,*,#470,.F.);
#676=LINE('',#669,#536);
#677=EDGE_CURVE('',#670,#465,#676,.T.);
#678=ORIENTED_EDGE('',*,*,#677,.F.);
#679=EDGE_LOOP('',(#673,#674,#675,#678));
#680=FACE_OUTER_BOUND('',#679,.T.);
#681=ADVANCED_FACE('',(#680),#668,.F.);
#682=CARTESIAN_POINT('',(0.072834645669292,0.047244094488189,0.012785433070866));
#683=AXIS2_PLACEMENT_3D('',#682,#72,#152);
#684=PLANE('',#683);
#685=CARTESIAN_POINT('',(0.072834645669292,0.059055118110235,-0.003937007864656));
#686=VERTEX_POINT('',#685);
#687=LINE('',#504,#225);
#688=EDGE_CURVE('',#505,#686,#687,.T.);
#689=ORIENTED_EDGE('',*,*,#688,.T.);
#690=CARTESIAN_POINT('',(0.072834645669292,0.078740157480314,-0.003937007864656));
#691=VERTEX_POINT('',#690);
#692=LINE('',#685,#650);
#693=EDGE_CURVE('',#686,#691,#692,.T.);
#694=ORIENTED_EDGE('',*,*,#693,.T.);
#695=LINE('',#690,#196);
#696=EDGE_CURVE('',#691,#670,#695,.T.);
#697=ORIENTED_EDGE('',*,*,#696,.T.);
#698=ORIENTED_EDGE('',*,*,#677,.T.);
#699=ORIENTED_EDGE('',*,*,#494,.T.);
#700=VECTOR('',#132,0.039370078740157);
#701=LINE('',#486,#700);
#702=EDGE_CURVE('',#487,#371,#701,.T.);
#703=ORIENTED_EDGE('',*,*,#702,.T.);
#704=ORIENTED_EDGE('',*,*,#374,.F.);
#705=ORIENTED_EDGE('',*,*,#511,.T.);
#706=EDGE_LOOP('',(#689,#694,#697,#698,#699,#703,#704,#705));
#707=FACE_OUTER_BOUND('',#706,.T.);
#708=ADVANCED_FACE('',(#707),#684,.T.);
#709=CARTESIAN_POINT('',(-0.095029527559101,0.059055118110235,-0.01220472440009));
#710=AXIS2_PLACEMENT_3D('',#709,#132,#152);
#711=PLANE('',#710);
#712=ORIENTED_EDGE('',*,*,#392,.F.);
#713=CARTESIAN_POINT('',(-0.081342127436298,0.059055118110235,-0.003937007864656));
#714=VERTEX_POINT('',#713);
#715=VECTOR('',#72,0.008507481767008);
#716=LINE('',#713,#715);
#717=EDGE_CURVE('',#714,#388,#716,.T.);
#718=ORIENTED_EDGE('',*,*,#717,.F.);
#719=CARTESIAN_POINT('',(-0.084645669291339,0.059055118110235,-0.007874015738687));
#720=VERTEX_POINT('',#719);
#721=DIRECTION('',(0.642787609686539,0.0,0.766044443118978));
#722=VECTOR('',#721,0.005139398776918);
#723=LINE('',#719,#722);
#724=EDGE_CURVE('',#720,#714,#723,.T.);
#725=ORIENTED_EDGE('',*,*,#724,.F.);
#726=CARTESIAN_POINT('',(-0.093503937007918,0.059055118110235,-0.007874015738687));
#727=VERTEX_POINT('',#726);
#728=VECTOR('',#72,0.008858267716579);
#729=LINE('',#726,#728);
#730=EDGE_CURVE('',#727,#720,#729,.T.);
#731=ORIENTED_EDGE('',*,*,#730,.F.);
#732=CARTESIAN_POINT('',(-0.093503937007918,0.059055118110235,-0.011811023612688));
#733=VERTEX_POINT('',#732);
#734=VECTOR('',#71,0.003937007874001);
#735=LINE('',#732,#734);
#736=EDGE_CURVE('',#733,#727,#735,.T.);
#737=ORIENTED_EDGE('',*,*,#736,.F.);
#738=CARTESIAN_POINT('',(-0.082043699335356,0.059055118110235,-0.011811023612688));
#739=VERTEX_POINT('',#738);
#740=VECTOR('',#126,0.011460237672562);
#741=LINE('',#738,#740);
#742=EDGE_CURVE('',#739,#733,#741,.T.);
#743=ORIENTED_EDGE('',*,*,#742,.F.);
#744=CARTESIAN_POINT('',(-0.078740157480315,0.059055118110235,-0.007874015738658));
#745=VERTEX_POINT('',#744);
#746=DIRECTION('',(-0.64278760968654,0.0,-0.766044443118978));
#747=VECTOR('',#746,0.005139398776918);
#748=LINE('',#744,#747);
#749=EDGE_CURVE('',#745,#739,#748,.T.);
#750=ORIENTED_EDGE('',*,*,#749,.F.);
#751=CARTESIAN_POINT('',(-0.062992125984252,0.059055118110235,-0.007874015738661));
#752=DIRECTION('',(-1.0,-4.406198E-016,2.108366E-013));
#753=VECTOR('',#752,0.015748031496063);
#754=LINE('',#751,#753);
#755=EDGE_CURVE('',#642,#745,#754,.T.);
#756=ORIENTED_EDGE('',*,*,#755,.F.);
#757=ORIENTED_EDGE('',*,*,#645,.F.);
#758=ORIENTED_EDGE('',*,*,#611,.F.);
#759=EDGE_LOOP('',(#712,#718,#725,#731,#737,#743,#750,#756,#757,#758));
#760=FACE_OUTER_BOUND('',#759,.T.);
#761=ADVANCED_FACE('',(#760),#711,.T.);
#762=CARTESIAN_POINT('',(0.082208876428108,0.079724409448818,-0.01200787400639));
#763=DIRECTION('',(-0.766044443118977,0.0,-0.642787609686541));
#764=DIRECTION('',(-0.642787609686541,0.0,0.766044443118977));
#765=AXIS2_PLACEMENT_3D('',#762,#763,#764);
#766=PLANE('',#765);
#767=CARTESIAN_POINT('',(0.082043699335356,0.059055118110235,-0.011811023612688));
#768=VERTEX_POINT('',#767);
#769=CARTESIAN_POINT('',(0.078740157480315,0.059055118110235,-0.007874015738658));
#770=VERTEX_POINT('',#769);
#771=DIRECTION('',(-0.642787609686542,0.0,0.766044443118975));
#772=VECTOR('',#771,0.005139398776918);
#773=LINE('',#767,#772);
#774=EDGE_CURVE('',#768,#770,#773,.T.);
#775=ORIENTED_EDGE('',*,*,#774,.T.);
#776=CARTESIAN_POINT('',(0.078740157480315,0.078740157480314,-0.007874015738658));
#777=VERTEX_POINT('',#776);
#778=LINE('',#776,#229);
#779=EDGE_CURVE('',#777,#770,#778,.T.);
#780=ORIENTED_EDGE('',*,*,#779,.F.);
#781=CARTESIAN_POINT('',(0.082043699335356,0.078740157480314,-0.011811023612688));
#782=VERTEX_POINT('',#781);
#783=DIRECTION('',(0.642787609686542,0.0,-0.766044443118976));
#784=VECTOR('',#783,0.005139398776918);
#785=LINE('',#776,#784);
#786=EDGE_CURVE('',#777,#782,#785,.T.);
#787=ORIENTED_EDGE('',*,*,#786,.T.);
#788=LINE('',#781,#229);
#789=EDGE_CURVE('',#782,#768,#788,.T.);
#790=ORIENTED_EDGE('',*,*,#789,.T.);
#791=EDGE_LOOP('',(#775,#780,#787,#790));
#792=FACE_OUTER_BOUND('',#791,.T.);
#793=ADVANCED_FACE('',(#792),#766,.T.);
#794=CARTESIAN_POINT('',(0.081470687451729,0.058070866141731,-0.011811023612754));
#795=DIRECTION('',(1.140741E-010,0.0,-1.0));
#796=DIRECTION('',(-1.0,0.0,-1.140741E-010));
#797=AXIS2_PLACEMENT_3D('',#794,#795,#796);
#798=PLANE('',#797);
#799=CARTESIAN_POINT('',(0.093503937007893,0.059055118110235,-0.011811023611381));
#800=VERTEX_POINT('',#799);
#801=DIRECTION('',(-1.0,0.0,-1.140742E-010));
#802=VECTOR('',#801,0.011460237672537);
#803=LINE('',#799,#802);
#804=EDGE_CURVE('',#800,#768,#803,.T.);
#805=ORIENTED_EDGE('',*,*,#804,.T.);
#806=ORIENTED_EDGE('',*,*,#789,.F.);
#807=CARTESIAN_POINT('',(0.093503937007893,0.078740157480314,-0.011811023611381));
#808=VERTEX_POINT('',#807);
#809=DIRECTION('',(1.0,0.0,1.140742E-010));
#810=VECTOR('',#809,0.011460237672537);
#811=LINE('',#781,#810);
#812=EDGE_CURVE('',#782,#808,#811,.T.);
#813=ORIENTED_EDGE('',*,*,#812,.T.);
#814=LINE('',#807,#229);
#815=EDGE_CURVE('',#808,#800,#814,.T.);
#816=ORIENTED_EDGE('',*,*,#815,.T.);
#817=EDGE_LOOP('',(#805,#806,#813,#816));
#818=FACE_OUTER_BOUND('',#817,.T.);
#819=ADVANCED_FACE('',(#818),#798,.T.);
#820=CARTESIAN_POINT('',(0.093503937007893,0.058070866141731,-0.012007874005018));
#821=AXIS2_PLACEMENT_3D('',#820,#72,#152);
#822=PLANE('',#821);
#823=CARTESIAN_POINT('',(0.093503937007893,0.059055118110235,-0.007874015738638));
#824=VERTEX_POINT('',#823);
#825=VECTOR('',#152,0.003937007872743);
#826=LINE('',#823,#825);
#827=EDGE_CURVE('',#824,#800,#826,.T.);
#828=ORIENTED_EDGE('',*,*,#827,.T.);
#829=ORIENTED_EDGE('',*,*,#815,.F.);
#830=CARTESIAN_POINT('',(0.093503937007893,0.078740157480314,-0.007874015738638));
#831=VERTEX_POINT('',#830);
#832=VECTOR('',#71,0.003937007872743);
#833=LINE('',#807,#832);
#834=EDGE_CURVE('',#808,#831,#833,.T.);
#835=ORIENTED_EDGE('',*,*,#834,.T.);
#836=LINE('',#830,#229);
#837=EDGE_CURVE('',#831,#824,#836,.T.);
#838=ORIENTED_EDGE('',*,*,#837,.T.);
#839=EDGE_LOOP('',(#828,#829,#835,#838));
#840=FACE_OUTER_BOUND('',#839,.T.);
#841=ADVANCED_FACE('',(#840),#822,.T.);
#842=CARTESIAN_POINT('',(0.084202755905511,0.079724409448818,-0.007874015738689));
#843=DIRECTION('',(-5.508325E-012,0.0,1.0));
#844=DIRECTION('',(1.0,0.0,5.508325E-012));
#845=AXIS2_PLACEMENT_3D('',#842,#843,#844);
#846=PLANE('',#845);
#847=CARTESIAN_POINT('',(0.084645669291339,0.059055118110235,-0.007874015738687));
#848=VERTEX_POINT('',#847);
#849=DIRECTION('',(1.0,0.0,5.508335E-012));
#850=VECTOR('',#849,0.008858267716554);
#851=LINE('',#847,#850);
#852=EDGE_CURVE('',#848,#824,#851,.T.);
#853=ORIENTED_EDGE('',*,*,#852,.T.);
#854=ORIENTED_EDGE('',*,*,#837,.F.);
#855=CARTESIAN_POINT('',(0.084645669291339,0.078740157480314,-0.007874015738687));
#856=VERTEX_POINT('',#855);
#857=DIRECTION('',(-1.0,0.0,-5.508335E-012));
#858=VECTOR('',#857,0.008858267716554);
#859=LINE('',#830,#858);
#860=EDGE_CURVE('',#831,#856,#859,.T.);
#861=ORIENTED_EDGE('',*,*,#860,.T.);
#862=LINE('',#855,#229);
#863=EDGE_CURVE('',#856,#848,#862,.T.);
#864=ORIENTED_EDGE('',*,*,#863,.T.);
#865=EDGE_LOOP('',(#853,#854,#861,#864));
#866=FACE_OUTER_BOUND('',#865,.T.);
#867=ADVANCED_FACE('',(#866),#846,.T.);
#868=CARTESIAN_POINT('',(0.084810846384091,0.058070866141731,-0.008070866132388));
#869=DIRECTION('',(0.76604444311898,0.0,0.642787609686537));
#870=DIRECTION('',(0.642787609686537,0.0,-0.76604444311898));
#871=AXIS2_PLACEMENT_3D('',#868,#869,#870);
#872=PLANE('',#871);
#873=CARTESIAN_POINT('',(0.081342127436298,0.059055118110235,-0.003937007864656));
#874=VERTEX_POINT('',#873);
#875=DIRECTION('',(0.642787609686536,0.0,-0.766044443118981));
#876=VECTOR('',#875,0.005139398776918);
#877=LINE('',#873,#876);
#878=EDGE_CURVE('',#874,#848,#877,.T.);
#879=ORIENTED_EDGE('',*,*,#878,.T.);
#880=ORIENTED_EDGE('',*,*,#863,.F.);
#881=CARTESIAN_POINT('',(0.081342127436298,0.078740157480314,-0.003937007864656));
#882=VERTEX_POINT('',#881);
#883=DIRECTION('',(-0.642787609686537,0.0,0.76604444311898));
#884=VECTOR('',#883,0.005139398776918);
#885=LINE('',#855,#884);
#886=EDGE_CURVE('',#856,#882,#885,.T.);
#887=ORIENTED_EDGE('',*,*,#886,.T.);
#888=LINE('',#881,#229);
#889=EDGE_CURVE('',#882,#874,#888,.T.);
#890=ORIENTED_EDGE('',*,*,#889,.T.);
#891=EDGE_LOOP('',(#879,#880,#887,#890));
#892=FACE_OUTER_BOUND('',#891,.T.);
#893=ADVANCED_FACE('',(#892),#872,.T.);
#894=CARTESIAN_POINT('',(-0.084810846384091,0.079724409448818,-0.008070866132389));
#895=DIRECTION('',(-0.766044443118978,0.0,0.64278760968654));
#896=DIRECTION('',(0.64278760968654,0.0,0.766044443118978));
#897=AXIS2_PLACEMENT_3D('',#894,#895,#896);
#898=PLANE('',#897);
#899=ORIENTED_EDGE('',*,*,#724,.T.);
#900=CARTESIAN_POINT('',(-0.081342127436298,0.078740157480314,-0.003937007864656));
#901=VERTEX_POINT('',#900);
#902=LINE('',#900,#229);
#903=EDGE_CURVE('',#901,#714,#902,.T.);
#904=ORIENTED_EDGE('',*,*,#903,.F.);
#905=CARTESIAN_POINT('',(-0.084645669291339,0.078740157480314,-0.007874015738687));
#906=VERTEX_POINT('',#905);
#907=DIRECTION('',(-0.642787609686539,0.0,-0.766044443118978));
#908=VECTOR('',#907,0.005139398776918);
#909=LINE('',#900,#908);
#910=EDGE_CURVE('',#901,#906,#909,.T.);
#911=ORIENTED_EDGE('',*,*,#910,.T.);
#912=LINE('',#905,#229);
#913=EDGE_CURVE('',#906,#720,#912,.T.);
#914=ORIENTED_EDGE('',*,*,#913,.T.);
#915=EDGE_LOOP('',(#899,#904,#911,#914));
#916=FACE_OUTER_BOUND('',#915,.T.);
#917=ADVANCED_FACE('',(#916),#898,.T.);
#918=CARTESIAN_POINT('',(-0.093946850393747,0.079724409448818,-0.007874015738687));
#919=AXIS2_PLACEMENT_3D('',#918,#71,#72);
#920=PLANE('',#919);
#921=ORIENTED_EDGE('',*,*,#730,.T.);
#922=ORIENTED_EDGE('',*,*,#913,.F.);
#923=CARTESIAN_POINT('',(-0.093503937007918,0.078740157480314,-0.007874015738687));
#924=VERTEX_POINT('',#923);
#925=VECTOR('',#126,0.008858267716579);
#926=LINE('',#905,#925);
#927=EDGE_CURVE('',#906,#924,#926,.T.);
#928=ORIENTED_EDGE('',*,*,#927,.T.);
#929=LINE('',#923,#229);
#930=EDGE_CURVE('',#924,#727,#929,.T.);
#931=ORIENTED_EDGE('',*,*,#930,.T.);
#932=EDGE_LOOP('',(#921,#922,#928,#931));
#933=FACE_OUTER_BOUND('',#932,.T.);
#934=ADVANCED_FACE('',(#933),#920,.T.);
#935=CARTESIAN_POINT('',(-0.093503937007918,0.079724409448818,-0.012007874006388));
#936=AXIS2_PLACEMENT_3D('',#935,#126,#71);
#937=PLANE('',#936);
#938=ORIENTED_EDGE('',*,*,#736,.T.);
#939=ORIENTED_EDGE('',*,*,#930,.F.);
#940=CARTESIAN_POINT('',(-0.093503937007918,0.078740157480314,-0.011811023612688));
#941=VERTEX_POINT('',#940);
#942=VECTOR('',#152,0.003937007874001);
#943=LINE('',#923,#942);
#944=EDGE_CURVE('',#924,#941,#943,.T.);
#945=ORIENTED_EDGE('',*,*,#944,.T.);
#946=LINE('',#940,#229);
#947=EDGE_CURVE('',#941,#733,#946,.T.);
#948=ORIENTED_EDGE('',*,*,#947,.T.);
#949=EDGE_LOOP('',(#938,#939,#945,#948));
#950=FACE_OUTER_BOUND('',#949,.T.);
#951=ADVANCED_FACE('',(#950),#937,.T.);
#952=CARTESIAN_POINT('',(-0.094076948891546,0.058070866141731,-0.011811023612688));
#953=AXIS2_PLACEMENT_3D('',#952,#152,#126);
#954=PLANE('',#953);
#955=ORIENTED_EDGE('',*,*,#742,.T.);
#956=ORIENTED_EDGE('',*,*,#947,.F.);
#957=CARTESIAN_POINT('',(-0.082043699335356,0.078740157480314,-0.011811023612688));
#958=VERTEX_POINT('',#957);
#959=VECTOR('',#72,0.011460237672562);
#960=LINE('',#940,#959);
#961=EDGE_CURVE('',#941,#958,#960,.T.);
#962=ORIENTED_EDGE('',*,*,#961,.T.);
#963=LINE('',#957,#229);
#964=EDGE_CURVE('',#958,#739,#963,.T.);
#965=ORIENTED_EDGE('',*,*,#964,.T.);
#966=EDGE_LOOP('',(#955,#956,#962,#965));
#967=FACE_OUTER_BOUND('',#966,.T.);
#968=ADVANCED_FACE('',(#967),#954,.T.);
#969=CARTESIAN_POINT('',(-0.082208876428108,0.058070866141731,-0.01200787400639));
#970=DIRECTION('',(0.766044443118977,0.0,-0.642787609686541));
#971=DIRECTION('',(-0.642787609686541,0.0,-0.766044443118977));
#972=AXIS2_PLACEMENT_3D('',#969,#970,#971);
#973=PLANE('',#972);
#974=ORIENTED_EDGE('',*,*,#749,.T.);
#975=ORIENTED_EDGE('',*,*,#964,.F.);
#976=CARTESIAN_POINT('',(-0.078740157480315,0.078740157480314,-0.007874015738658));
#977=VERTEX_POINT('',#976);
#978=DIRECTION('',(0.642787609686542,0.0,0.766044443118976));
#979=VECTOR('',#978,0.005139398776918);
#980=LINE('',#957,#979);
#981=EDGE_CURVE('',#958,#977,#980,.T.);
#982=ORIENTED_EDGE('',*,*,#981,.T.);
#983=LINE('',#744,#650);
#984=EDGE_CURVE('',#745,#977,#983,.T.);
#985=ORIENTED_EDGE('',*,*,#984,.F.);
#986=EDGE_LOOP('',(#974,#975,#982,#985));
#987=FACE_OUTER_BOUND('',#986,.T.);
#988=ADVANCED_FACE('',(#987),#973,.T.);
#989=CARTESIAN_POINT('',(0.06146653543307,0.078740157480314,-0.01220472440009));
#990=AXIS2_PLACEMENT_3D('',#989,#132,#152);
#991=PLANE('',#990);
#992=ORIENTED_EDGE('',*,*,#696,.F.);
#993=VECTOR('',#126,0.008507481767006);
#994=LINE('',#881,#993);
#995=EDGE_CURVE('',#882,#691,#994,.T.);
#996=ORIENTED_EDGE('',*,*,#995,.F.);
#997=ORIENTED_EDGE('',*,*,#886,.F.);
#998=ORIENTED_EDGE('',*,*,#860,.F.);
#999=ORIENTED_EDGE('',*,*,#834,.F.);
#1000=ORIENTED_EDGE('',*,*,#812,.F.);
#1001=ORIENTED_EDGE('',*,*,#786,.F.);
#1002=CARTESIAN_POINT('',(0.062992125984252,0.078740157480314,-0.007874015738658));
#1003=VECTOR('',#72,0.015748031496063);
#1004=LINE('',#1002,#1003);
#1005=EDGE_CURVE('',#541,#777,#1004,.T.);
#1006=ORIENTED_EDGE('',*,*,#1005,.F.);
#1007=ORIENTED_EDGE('',*,*,#544,.F.);
#1008=ORIENTED_EDGE('',*,*,#672,.F.);
#1009=EDGE_LOOP('',(#992,#996,#997,#998,#999,#1000,#1001,#1006,#1007,#1008));
#1010=FACE_OUTER_BOUND('',#1009,.T.);
#1011=ADVANCED_FACE('',(#1010),#991,.F.);
#1012=CARTESIAN_POINT('',(0.062204724409449,0.058070866141731,-0.007874015738917));
#1013=DIRECTION('',(-1.844531E-012,0.0,-1.0));
#1014=DIRECTION('',(-1.0,0.0,1.844531E-012));
#1015=AXIS2_PLACEMENT_3D('',#1012,#1013,#1014);
#1016=PLANE('',#1015);
#1017=ORIENTED_EDGE('',*,*,#548,.F.);
#1018=ORIENTED_EDGE('',*,*,#1005,.T.);
#1019=ORIENTED_EDGE('',*,*,#779,.T.);
#1020=DIRECTION('',(-1.0,0.0,-2.108366E-013));
#1021=VECTOR('',#1020,0.015748031496063);
#1022=LINE('',#769,#1021);
#1023=EDGE_CURVE('',#770,#525,#1022,.T.);
#1024=ORIENTED_EDGE('',*,*,#1023,.T.);
#1025=EDGE_LOOP('',(#1017,#1018,#1019,#1024));
#1026=FACE_OUTER_BOUND('',#1025,.T.);
#1027=ADVANCED_FACE('',(#1026),#1016,.T.);
#1028=CARTESIAN_POINT('',(-0.079527559055118,0.058070866141731,-0.007874015738656));
#1029=AXIS2_PLACEMENT_3D('',#1028,#1013,#1014);
#1030=PLANE('',#1029);
#1031=ORIENTED_EDGE('',*,*,#652,.F.);
#1032=ORIENTED_EDGE('',*,*,#755,.T.);
#1033=ORIENTED_EDGE('',*,*,#984,.T.);
#1034=LINE('',#976,#1003);
#1035=EDGE_CURVE('',#977,#648,#1034,.T.);
#1036=ORIENTED_EDGE('',*,*,#1035,.T.);
#1037=EDGE_LOOP('',(#1031,#1032,#1033,#1036));
#1038=FACE_OUTER_BOUND('',#1037,.T.);
#1039=ADVANCED_FACE('',(#1038),#1030,.T.);
#1040=CARTESIAN_POINT('',(-0.095029527559101,0.078740157480314,-0.01220472440009));
#1041=AXIS2_PLACEMENT_3D('',#1040,#132,#152);
#1042=PLANE('',#1041);
#1043=ORIENTED_EDGE('',*,*,#418,.F.);
#1044=ORIENTED_EDGE('',*,*,#628,.F.);
#1045=ORIENTED_EDGE('',*,*,#656,.F.);
#1046=ORIENTED_EDGE('',*,*,#1035,.F.);
#1047=ORIENTED_EDGE('',*,*,#981,.F.);
#1048=ORIENTED_EDGE('',*,*,#961,.F.);
#1049=ORIENTED_EDGE('',*,*,#944,.F.);
#1050=ORIENTED_EDGE('',*,*,#927,.F.);
#1051=ORIENTED_EDGE('',*,*,#910,.F.);
#1052=VECTOR('',#126,0.008507481767008);
#1053=LINE('',#415,#1052);
#1054=EDGE_CURVE('',#416,#901,#1053,.T.);
#1055=ORIENTED_EDGE('',*,*,#1054,.F.);
#1056=EDGE_LOOP('',(#1043,#1044,#1045,#1046,#1047,#1048,#1049,#1050,#1051,#1055));
#1057=FACE_OUTER_BOUND('',#1056,.T.);
#1058=ADVANCED_FACE('',(#1057),#1042,.F.);
#1059=CARTESIAN_POINT('',(0.072409271580942,0.079724409448818,-0.003937007864656));
#1060=AXIS2_PLACEMENT_3D('',#1059,#71,#72);
#1061=PLANE('',#1060);
#1062=ORIENTED_EDGE('',*,*,#693,.F.);
#1063=VECTOR('',#72,0.008507481767006);
#1064=LINE('',#685,#1063);
#1065=EDGE_CURVE('',#686,#874,#1064,.T.);
#1066=ORIENTED_EDGE('',*,*,#1065,.T.);
#1067=ORIENTED_EDGE('',*,*,#889,.F.);
#1068=ORIENTED_EDGE('',*,*,#995,.T.);
#1069=EDGE_LOOP('',(#1062,#1066,#1067,#1068));
#1070=FACE_OUTER_BOUND('',#1069,.T.);
#1071=ADVANCED_FACE('',(#1070),#1061,.T.);
#1072=CARTESIAN_POINT('',(-0.081767501524648,0.079724409448818,-0.003937007864656));
#1073=AXIS2_PLACEMENT_3D('',#1072,#71,#72);
#1074=PLANE('',#1073);
#1075=ORIENTED_EDGE('',*,*,#421,.F.);
#1076=ORIENTED_EDGE('',*,*,#1054,.T.);
#1077=ORIENTED_EDGE('',*,*,#903,.T.);
#1078=ORIENTED_EDGE('',*,*,#717,.T.);
#1079=EDGE_LOOP('',(#1075,#1076,#1077,#1078));
#1080=FACE_OUTER_BOUND('',#1079,.T.);
#1081=ADVANCED_FACE('',(#1080),#1074,.T.);
#1082=CARTESIAN_POINT('',(0.06146653543307,0.059055118110235,-0.01220472440009));
#1083=AXIS2_PLACEMENT_3D('',#1082,#132,#152);
#1084=PLANE('',#1083);
#1085=ORIENTED_EDGE('',*,*,#688,.F.);
#1086=ORIENTED_EDGE('',*,*,#507,.F.);
#1087=ORIENTED_EDGE('',*,*,#528,.F.);
#1088=ORIENTED_EDGE('',*,*,#1023,.F.);
#1089=ORIENTED_EDGE('',*,*,#774,.F.);
#1090=ORIENTED_EDGE('',*,*,#804,.F.);
#1091=ORIENTED_EDGE('',*,*,#827,.F.);
#1092=ORIENTED_EDGE('',*,*,#852,.F.);
#1093=ORIENTED_EDGE('',*,*,#878,.F.);
#1094=ORIENTED_EDGE('',*,*,#1065,.F.);
#1095=EDGE_LOOP('',(#1085,#1086,#1087,#1088,#1089,#1090,#1091,#1092,#1093,#1094));
#1096=FACE_OUTER_BOUND('',#1095,.T.);
#1097=ADVANCED_FACE('',(#1096),#1084,.T.);
#1098=CARTESIAN_POINT('',(0.0625,-0.059547244094489,-0.007677165354331));
#1099=AXIS2_PLACEMENT_3D('',#1098,#71,#72);
#1100=PLANE('',#1099);
#1101=CARTESIAN_POINT('',(0.072834645669292,-0.059055118110237,-0.007677165354331));
#1102=VERTEX_POINT('',#1101);
#1103=LINE('',#1101,#468);
#1104=EDGE_CURVE('',#1102,#587,#1103,.T.);
#1105=ORIENTED_EDGE('',*,*,#1104,.T.);
#1106=ORIENTED_EDGE('',*,*,#590,.T.);
#1107=ORIENTED_EDGE('',*,*,#299,.T.);
#1108=LINE('',#1101,#536);
#1109=EDGE_CURVE('',#1102,#287,#1108,.T.);
#1110=ORIENTED_EDGE('',*,*,#1109,.F.);
#1111=EDGE_LOOP('',(#1105,#1106,#1107,#1110));
#1112=FACE_OUTER_BOUND('',#1111,.T.);
#1113=ADVANCED_FACE('',(#1112),#1100,.F.);
#1114=CARTESIAN_POINT('',(0.072834645669292,-0.090551181102362,0.012785433070866));
#1115=AXIS2_PLACEMENT_3D('',#1114,#72,#152);
#1116=PLANE('',#1115);
#1117=CARTESIAN_POINT('',(0.072834645669292,-0.078740157480316,-0.003937007864656));
#1118=VERTEX_POINT('',#1117);
#1119=LINE('',#558,#225);
#1120=EDGE_CURVE('',#559,#1118,#1119,.T.);
#1121=ORIENTED_EDGE('',*,*,#1120,.T.);
#1122=CARTESIAN_POINT('',(0.072834645669292,-0.059055118110237,-0.003937007864656));
#1123=VERTEX_POINT('',#1122);
#1124=LINE('',#1117,#650);
#1125=EDGE_CURVE('',#1118,#1123,#1124,.T.);
#1126=ORIENTED_EDGE('',*,*,#1125,.T.);
#1127=LINE('',#1122,#196);
#1128=EDGE_CURVE('',#1123,#1102,#1127,.T.);
#1129=ORIENTED_EDGE('',*,*,#1128,.T.);
#1130=ORIENTED_EDGE('',*,*,#1109,.T.);
#1131=ORIENTED_EDGE('',*,*,#292,.T.);
#1132=LINE('',#288,#700);
#1133=EDGE_CURVE('',#289,#248,#1132,.T.);
#1134=ORIENTED_EDGE('',*,*,#1133,.T.);
#1135=ORIENTED_EDGE('',*,*,#251,.F.);
#1136=ORIENTED_EDGE('',*,*,#564,.T.);
#1137=EDGE_LOOP('',(#1121,#1126,#1129,#1130,#1131,#1134,#1135,#1136));
#1138=FACE_OUTER_BOUND('',#1137,.T.);
#1139=ADVANCED_FACE('',(#1138),#1116,.T.);
#1140=CARTESIAN_POINT('',(-0.073326771653542,-0.089074803149606,-0.007677165354331));
#1141=AXIS2_PLACEMENT_3D('',#1140,#71,#72);
#1142=PLANE('',#1141);
#1143=CARTESIAN_POINT('',(-0.062992125984252,-0.078740157480316,-0.007677165354331));
#1144=VERTEX_POINT('',#1143);
#1145=LINE('',#194,#260);
#1146=EDGE_CURVE('',#195,#1144,#1145,.T.);
#1147=ORIENTED_EDGE('',*,*,#1146,.T.);
#1148=LINE('',#1143,#202);
#1149=EDGE_CURVE('',#1144,#259,#1148,.T.);
#1150=ORIENTED_EDGE('',*,*,#1149,.T.);
#1151=ORIENTED_EDGE('',*,*,#262,.F.);
#1152=ORIENTED_EDGE('',*,*,#204,.F.);
#1153=EDGE_LOOP('',(#1147,#1150,#1151,#1152));
#1154=FACE_OUTER_BOUND('',#1153,.T.);
#1155=ADVANCED_FACE('',(#1154),#1142,.F.);
#1156=CARTESIAN_POINT('',(-0.073326771653542,-0.059547244094489,-0.007677165354331));
#1157=AXIS2_PLACEMENT_3D('',#1156,#71,#72);
#1158=PLANE('',#1157);
#1159=CARTESIAN_POINT('',(-0.062992125984252,-0.059055118110237,-0.007677165354331));
#1160=VERTEX_POINT('',#1159);
#1161=LINE('',#1159,#481);
#1162=EDGE_CURVE('',#1160,#218,#1161,.T.);
#1163=ORIENTED_EDGE('',*,*,#1162,.T.);
#1164=ORIENTED_EDGE('',*,*,#221,.F.);
#1165=ORIENTED_EDGE('',*,*,#173,.T.);
#1166=VECTOR('',#132,0.00615157480315);
#1167=LINE('',#163,#1166);
#1168=EDGE_CURVE('',#164,#1160,#1167,.T.);
#1169=ORIENTED_EDGE('',*,*,#1168,.T.);
#1170=EDGE_LOOP('',(#1163,#1164,#1165,#1169));
#1171=FACE_OUTER_BOUND('',#1170,.T.);
#1172=ADVANCED_FACE('',(#1171),#1158,.F.);
#1173=CARTESIAN_POINT('',(-0.062992125984252,-0.090366633858267,-0.007568897637796));
#1174=AXIS2_PLACEMENT_3D('',#1173,#72,#152);
#1175=PLANE('',#1174);
#1176=CARTESIAN_POINT('',(-0.062992125984252,-0.078740157480316,-0.007874015738668));
#1177=VERTEX_POINT('',#1176);
#1178=VECTOR('',#152,0.000196850384337);
#1179=LINE('',#1143,#1178);
#1180=EDGE_CURVE('',#1144,#1177,#1179,.T.);
#1181=ORIENTED_EDGE('',*,*,#1180,.T.);
#1182=CARTESIAN_POINT('',(-0.062992125984252,-0.059055118110237,-0.007874015738674));
#1183=VERTEX_POINT('',#1182);
#1184=CARTESIAN_POINT('',(-0.062992125984252,-0.078740157480316,-0.007874015738687));
#1185=LINE('',#1184,#650);
#1186=EDGE_CURVE('',#1177,#1183,#1185,.T.);
#1187=ORIENTED_EDGE('',*,*,#1186,.T.);
#1188=VECTOR('',#71,0.000196850384343);
#1189=LINE('',#1182,#1188);
#1190=EDGE_CURVE('',#1183,#1160,#1189,.T.);
#1191=ORIENTED_EDGE('',*,*,#1190,.T.);
#1192=ORIENTED_EDGE('',*,*,#1168,.F.);
#1193=ORIENTED_EDGE('',*,*,#166,.F.);
#1194=ORIENTED_EDGE('',*,*,#437,.F.);
#1195=ORIENTED_EDGE('',*,*,#268,.F.);
#1196=ORIENTED_EDGE('',*,*,#1149,.F.);
#1197=EDGE_LOOP('',(#1181,#1187,#1191,#1192,#1193,#1194,#1195,#1196));
#1198=FACE_OUTER_BOUND('',#1197,.T.);
#1199=ADVANCED_FACE('',(#1198),#1175,.F.);
#1200=CARTESIAN_POINT('',(-0.095029527559101,-0.078740157480316,-0.01220472440009));
#1201=AXIS2_PLACEMENT_3D('',#1200,#132,#152);
#1202=PLANE('',#1201);
#1203=ORIENTED_EDGE('',*,*,#198,.F.);
#1204=CARTESIAN_POINT('',(-0.081342127436298,-0.078740157480316,-0.003937007864656));
#1205=VERTEX_POINT('',#1204);
#1206=LINE('',#1204,#715);
#1207=EDGE_CURVE('',#1205,#193,#1206,.T.);
#1208=ORIENTED_EDGE('',*,*,#1207,.F.);
#1209=CARTESIAN_POINT('',(-0.084645669291339,-0.078740157480316,-0.007874015738687));
#1210=VERTEX_POINT('',#1209);
#1211=LINE('',#1209,#722);
#1212=EDGE_CURVE('',#1210,#1205,#1211,.T.);
#1213=ORIENTED_EDGE('',*,*,#1212,.F.);
#1214=CARTESIAN_POINT('',(-0.093503937007918,-0.078740157480316,-0.007874015738687));
#1215=VERTEX_POINT('',#1214);
#1216=LINE('',#1214,#728);
#1217=EDGE_CURVE('',#1215,#1210,#1216,.T.);
#1218=ORIENTED_EDGE('',*,*,#1217,.F.);
#1219=CARTESIAN_POINT('',(-0.093503937007918,-0.078740157480316,-0.011811023612688));
#1220=VERTEX_POINT('',#1219);
#1221=LINE('',#1219,#734);
#1222=EDGE_CURVE('',#1220,#1215,#1221,.T.);
#1223=ORIENTED_EDGE('',*,*,#1222,.F.);
#1224=CARTESIAN_POINT('',(-0.082043699335356,-0.078740157480316,-0.011811023612688));
#1225=VERTEX_POINT('',#1224);
#1226=LINE('',#1224,#740);
#1227=EDGE_CURVE('',#1225,#1220,#1226,.T.);
#1228=ORIENTED_EDGE('',*,*,#1227,.F.);
#1229=CARTESIAN_POINT('',(-0.078740157480315,-0.078740157480316,-0.007874015738658));
#1230=VERTEX_POINT('',#1229);
#1231=LINE('',#1229,#908);
#1232=EDGE_CURVE('',#1230,#1225,#1231,.T.);
#1233=ORIENTED_EDGE('',*,*,#1232,.F.);
#1234=CARTESIAN_POINT('',(-0.062992125984252,-0.078740157480316,-0.007874015738658));
#1235=VECTOR('',#126,0.015748031496063);
#1236=LINE('',#1234,#1235);
#1237=EDGE_CURVE('',#1177,#1230,#1236,.T.);
#1238=ORIENTED_EDGE('',*,*,#1237,.F.);
#1239=ORIENTED_EDGE('',*,*,#1180,.F.);
#1240=ORIENTED_EDGE('',*,*,#1146,.F.);
#1241=EDGE_LOOP('',(#1203,#1208,#1213,#1218,#1223,#1228,#1233,#1238,#1239,#1240));
#1242=FACE_OUTER_BOUND('',#1241,.T.);
#1243=ADVANCED_FACE('',(#1242),#1202,.T.);
#1244=CARTESIAN_POINT('',(-0.079527559055118,-0.07972440944882,-0.007874015738656));
#1245=AXIS2_PLACEMENT_3D('',#1244,#1013,#1014);
#1246=PLANE('',#1245);
#1247=ORIENTED_EDGE('',*,*,#1186,.F.);
#1248=ORIENTED_EDGE('',*,*,#1237,.T.);
#1249=CARTESIAN_POINT('',(-0.078740157480315,-0.059055118110237,-0.007874015738658));
#1250=VERTEX_POINT('',#1249);
#1251=LINE('',#1229,#650);
#1252=EDGE_CURVE('',#1230,#1250,#1251,.T.);
#1253=ORIENTED_EDGE('',*,*,#1252,.T.);
#1254=DIRECTION('',(1.0,-7.931156E-015,-6.148849E-013));
#1255=VECTOR('',#1254,0.015748031496063);
#1256=LINE('',#1249,#1255);
#1257=EDGE_CURVE('',#1250,#1183,#1256,.T.);
#1258=ORIENTED_EDGE('',*,*,#1257,.T.);
#1259=EDGE_LOOP('',(#1247,#1248,#1253,#1258));
#1260=FACE_OUTER_BOUND('',#1259,.T.);
#1261=ADVANCED_FACE('',(#1260),#1246,.T.);
#1262=CARTESIAN_POINT('',(0.082208876428108,-0.058070866141733,-0.01200787400639));
#1263=AXIS2_PLACEMENT_3D('',#1262,#763,#764);
#1264=PLANE('',#1263);
#1265=CARTESIAN_POINT('',(0.082043699335356,-0.078740157480316,-0.011811023612688));
#1266=VERTEX_POINT('',#1265);
#1267=CARTESIAN_POINT('',(0.078740157480315,-0.078740157480316,-0.007874015738658));
#1268=VERTEX_POINT('',#1267);
#1269=LINE('',#1265,#772);
#1270=EDGE_CURVE('',#1266,#1268,#1269,.T.);
#1271=ORIENTED_EDGE('',*,*,#1270,.T.);
#1272=CARTESIAN_POINT('',(0.078740157480315,-0.059055118110237,-0.007874015738658));
#1273=VERTEX_POINT('',#1272);
#1274=LINE('',#1272,#229);
#1275=EDGE_CURVE('',#1273,#1268,#1274,.T.);
#1276=ORIENTED_EDGE('',*,*,#1275,.F.);
#1277=CARTESIAN_POINT('',(0.082043699335356,-0.059055118110237,-0.011811023612688));
#1278=VERTEX_POINT('',#1277);
#1279=LINE('',#1272,#784);
#1280=EDGE_CURVE('',#1273,#1278,#1279,.T.);
#1281=ORIENTED_EDGE('',*,*,#1280,.T.);
#1282=LINE('',#1277,#229);
#1283=EDGE_CURVE('',#1278,#1266,#1282,.T.);
#1284=ORIENTED_EDGE('',*,*,#1283,.T.);
#1285=EDGE_LOOP('',(#1271,#1276,#1281,#1284));
#1286=FACE_OUTER_BOUND('',#1285,.T.);
#1287=ADVANCED_FACE('',(#1286),#1264,.T.);
#1288=CARTESIAN_POINT('',(0.081470687451729,-0.07972440944882,-0.011811023612754));
#1289=AXIS2_PLACEMENT_3D('',#1288,#795,#796);
#1290=PLANE('',#1289);
#1291=CARTESIAN_POINT('',(0.093503937007893,-0.078740157480316,-0.011811023611381));
#1292=VERTEX_POINT('',#1291);
#1293=LINE('',#1291,#802);
#1294=EDGE_CURVE('',#1292,#1266,#1293,.T.);
#1295=ORIENTED_EDGE('',*,*,#1294,.T.);
#1296=ORIENTED_EDGE('',*,*,#1283,.F.);
#1297=CARTESIAN_POINT('',(0.093503937007893,-0.059055118110237,-0.011811023611381));
#1298=VERTEX_POINT('',#1297);
#1299=LINE('',#1277,#810);
#1300=EDGE_CURVE('',#1278,#1298,#1299,.T.);
#1301=ORIENTED_EDGE('',*,*,#1300,.T.);
#1302=LINE('',#1297,#229);
#1303=EDGE_CURVE('',#1298,#1292,#1302,.T.);
#1304=ORIENTED_EDGE('',*,*,#1303,.T.);
#1305=EDGE_LOOP('',(#1295,#1296,#1301,#1304));
#1306=FACE_OUTER_BOUND('',#1305,.T.);
#1307=ADVANCED_FACE('',(#1306),#1290,.T.);
#1308=CARTESIAN_POINT('',(0.093503937007893,-0.07972440944882,-0.012007874005018));
#1309=AXIS2_PLACEMENT_3D('',#1308,#72,#152);
#1310=PLANE('',#1309);
#1311=CARTESIAN_POINT('',(0.093503937007893,-0.078740157480316,-0.007874015738638));
#1312=VERTEX_POINT('',#1311);
#1313=LINE('',#1311,#825);
#1314=EDGE_CURVE('',#1312,#1292,#1313,.T.);
#1315=ORIENTED_EDGE('',*,*,#1314,.T.);
#1316=ORIENTED_EDGE('',*,*,#1303,.F.);
#1317=CARTESIAN_POINT('',(0.093503937007893,-0.059055118110237,-0.007874015738638));
#1318=VERTEX_POINT('',#1317);
#1319=LINE('',#1297,#832);
#1320=EDGE_CURVE('',#1298,#1318,#1319,.T.);
#1321=ORIENTED_EDGE('',*,*,#1320,.T.);
#1322=LINE('',#1317,#229);
#1323=EDGE_CURVE('',#1318,#1312,#1322,.T.);
#1324=ORIENTED_EDGE('',*,*,#1323,.T.);
#1325=EDGE_LOOP('',(#1315,#1316,#1321,#1324));
#1326=FACE_OUTER_BOUND('',#1325,.T.);
#1327=ADVANCED_FACE('',(#1326),#1310,.T.);
#1328=CARTESIAN_POINT('',(0.084202755905511,-0.058070866141733,-0.007874015738689));
#1329=AXIS2_PLACEMENT_3D('',#1328,#843,#844);
#1330=PLANE('',#1329);
#1331=CARTESIAN_POINT('',(0.084645669291339,-0.078740157480316,-0.007874015738687));
#1332=VERTEX_POINT('',#1331);
#1333=LINE('',#1331,#850);
#1334=EDGE_CURVE('',#1332,#1312,#1333,.T.);
#1335=ORIENTED_EDGE('',*,*,#1334,.T.);
#1336=ORIENTED_EDGE('',*,*,#1323,.F.);
#1337=CARTESIAN_POINT('',(0.084645669291339,-0.059055118110237,-0.007874015738687));
#1338=VERTEX_POINT('',#1337);
#1339=LINE('',#1317,#858);
#1340=EDGE_CURVE('',#1318,#1338,#1339,.T.);
#1341=ORIENTED_EDGE('',*,*,#1340,.T.);
#1342=LINE('',#1337,#229);
#1343=EDGE_CURVE('',#1338,#1332,#1342,.T.);
#1344=ORIENTED_EDGE('',*,*,#1343,.T.);
#1345=EDGE_LOOP('',(#1335,#1336,#1341,#1344));
#1346=FACE_OUTER_BOUND('',#1345,.T.);
#1347=ADVANCED_FACE('',(#1346),#1330,.T.);
#1348=CARTESIAN_POINT('',(0.084810846384091,-0.07972440944882,-0.008070866132388));
#1349=AXIS2_PLACEMENT_3D('',#1348,#869,#870);
#1350=PLANE('',#1349);
#1351=CARTESIAN_POINT('',(0.081342127436298,-0.078740157480316,-0.003937007864656));
#1352=VERTEX_POINT('',#1351);
#1353=LINE('',#1351,#876);
#1354=EDGE_CURVE('',#1352,#1332,#1353,.T.);
#1355=ORIENTED_EDGE('',*,*,#1354,.T.);
#1356=ORIENTED_EDGE('',*,*,#1343,.F.);
#1357=CARTESIAN_POINT('',(0.081342127436298,-0.059055118110237,-0.003937007864656));
#1358=VERTEX_POINT('',#1357);
#1359=LINE('',#1337,#884);
#1360=EDGE_CURVE('',#1338,#1358,#1359,.T.);
#1361=ORIENTED_EDGE('',*,*,#1360,.T.);
#1362=LINE('',#1357,#229);
#1363=EDGE_CURVE('',#1358,#1352,#1362,.T.);
#1364=ORIENTED_EDGE('',*,*,#1363,.T.);
#1365=EDGE_LOOP('',(#1355,#1356,#1361,#1364));
#1366=FACE_OUTER_BOUND('',#1365,.T.);
#1367=ADVANCED_FACE('',(#1366),#1350,.T.);
#1368=CARTESIAN_POINT('',(-0.084810846384091,-0.058070866141733,-0.008070866132389));
#1369=AXIS2_PLACEMENT_3D('',#1368,#895,#896);
#1370=PLANE('',#1369);
#1371=ORIENTED_EDGE('',*,*,#1212,.T.);
#1372=CARTESIAN_POINT('',(-0.081342127436298,-0.059055118110237,-0.003937007864656));
#1373=VERTEX_POINT('',#1372);
#1374=LINE('',#1372,#229);
#1375=EDGE_CURVE('',#1373,#1205,#1374,.T.);
#1376=ORIENTED_EDGE('',*,*,#1375,.F.);
#1377=CARTESIAN_POINT('',(-0.084645669291339,-0.059055118110237,-0.007874015738687));
#1378=VERTEX_POINT('',#1377);
#1379=LINE('',#1372,#908);
#1380=EDGE_CURVE('',#1373,#1378,#1379,.T.);
#1381=ORIENTED_EDGE('',*,*,#1380,.T.);
#1382=LINE('',#1377,#229);
#1383=EDGE_CURVE('',#1378,#1210,#1382,.T.);
#1384=ORIENTED_EDGE('',*,*,#1383,.T.);
#1385=EDGE_LOOP('',(#1371,#1376,#1381,#1384));
#1386=FACE_OUTER_BOUND('',#1385,.T.);
#1387=ADVANCED_FACE('',(#1386),#1370,.T.);
#1388=CARTESIAN_POINT('',(-0.093946850393747,-0.058070866141733,-0.007874015738687));
#1389=AXIS2_PLACEMENT_3D('',#1388,#71,#72);
#1390=PLANE('',#1389);
#1391=ORIENTED_EDGE('',*,*,#1217,.T.);
#1392=ORIENTED_EDGE('',*,*,#1383,.F.);
#1393=CARTESIAN_POINT('',(-0.093503937007918,-0.059055118110237,-0.007874015738687));
#1394=VERTEX_POINT('',#1393);
#1395=LINE('',#1377,#925);
#1396=EDGE_CURVE('',#1378,#1394,#1395,.T.);
#1397=ORIENTED_EDGE('',*,*,#1396,.T.);
#1398=LINE('',#1393,#229);
#1399=EDGE_CURVE('',#1394,#1215,#1398,.T.);
#1400=ORIENTED_EDGE('',*,*,#1399,.T.);
#1401=EDGE_LOOP('',(#1391,#1392,#1397,#1400));
#1402=FACE_OUTER_BOUND('',#1401,.T.);
#1403=ADVANCED_FACE('',(#1402),#1390,.T.);
#1404=CARTESIAN_POINT('',(-0.093503937007918,-0.058070866141733,-0.012007874006388));
#1405=AXIS2_PLACEMENT_3D('',#1404,#126,#71);
#1406=PLANE('',#1405);
#1407=ORIENTED_EDGE('',*,*,#1222,.T.);
#1408=ORIENTED_EDGE('',*,*,#1399,.F.);
#1409=CARTESIAN_POINT('',(-0.093503937007918,-0.059055118110237,-0.011811023612688));
#1410=VERTEX_POINT('',#1409);
#1411=LINE('',#1393,#942);
#1412=EDGE_CURVE('',#1394,#1410,#1411,.T.);
#1413=ORIENTED_EDGE('',*,*,#1412,.T.);
#1414=LINE('',#1409,#229);
#1415=EDGE_CURVE('',#1410,#1220,#1414,.T.);
#1416=ORIENTED_EDGE('',*,*,#1415,.T.);
#1417=EDGE_LOOP('',(#1407,#1408,#1413,#1416));
#1418=FACE_OUTER_BOUND('',#1417,.T.);
#1419=ADVANCED_FACE('',(#1418),#1406,.T.);
#1420=CARTESIAN_POINT('',(-0.094076948891546,-0.07972440944882,-0.011811023612688));
#1421=AXIS2_PLACEMENT_3D('',#1420,#152,#126);
#1422=PLANE('',#1421);
#1423=ORIENTED_EDGE('',*,*,#1227,.T.);
#1424=ORIENTED_EDGE('',*,*,#1415,.F.);
#1425=CARTESIAN_POINT('',(-0.082043699335356,-0.059055118110237,-0.011811023612688));
#1426=VERTEX_POINT('',#1425);
#1427=LINE('',#1409,#959);
#1428=EDGE_CURVE('',#1410,#1426,#1427,.T.);
#1429=ORIENTED_EDGE('',*,*,#1428,.T.);
#1430=LINE('',#1425,#229);
#1431=EDGE_CURVE('',#1426,#1225,#1430,.T.);
#1432=ORIENTED_EDGE('',*,*,#1431,.T.);
#1433=EDGE_LOOP('',(#1423,#1424,#1429,#1432));
#1434=FACE_OUTER_BOUND('',#1433,.T.);
#1435=ADVANCED_FACE('',(#1434),#1422,.T.);
#1436=CARTESIAN_POINT('',(-0.082208876428108,-0.07972440944882,-0.01200787400639));
#1437=AXIS2_PLACEMENT_3D('',#1436,#970,#971);
#1438=PLANE('',#1437);
#1439=ORIENTED_EDGE('',*,*,#1232,.T.);
#1440=ORIENTED_EDGE('',*,*,#1431,.F.);
#1441=LINE('',#1425,#979);
#1442=EDGE_CURVE('',#1426,#1250,#1441,.T.);
#1443=ORIENTED_EDGE('',*,*,#1442,.T.);
#1444=ORIENTED_EDGE('',*,*,#1252,.F.);
#1445=EDGE_LOOP('',(#1439,#1440,#1443,#1444));
#1446=FACE_OUTER_BOUND('',#1445,.T.);
#1447=ADVANCED_FACE('',(#1446),#1438,.T.);
#1448=CARTESIAN_POINT('',(0.06146653543307,-0.059055118110237,-0.01220472440009));
#1449=AXIS2_PLACEMENT_3D('',#1448,#132,#152);
#1450=PLANE('',#1449);
#1451=ORIENTED_EDGE('',*,*,#1128,.F.);
#1452=LINE('',#1357,#993);
#1453=EDGE_CURVE('',#1358,#1123,#1452,.T.);
#1454=ORIENTED_EDGE('',*,*,#1453,.F.);
#1455=ORIENTED_EDGE('',*,*,#1360,.F.);
#1456=ORIENTED_EDGE('',*,*,#1340,.F.);
#1457=ORIENTED_EDGE('',*,*,#1320,.F.);
#1458=ORIENTED_EDGE('',*,*,#1300,.F.);
#1459=ORIENTED_EDGE('',*,*,#1280,.F.);
#1460=CARTESIAN_POINT('',(0.062992125984252,-0.059055118110237,-0.007874015738667));
#1461=DIRECTION('',(1.0,-4.406198E-016,6.148849E-013));
#1462=VECTOR('',#1461,0.015748031496063);
#1463=LINE('',#1460,#1462);
#1464=EDGE_CURVE('',#593,#1273,#1463,.T.);
#1465=ORIENTED_EDGE('',*,*,#1464,.F.);
#1466=ORIENTED_EDGE('',*,*,#596,.F.);
#1467=ORIENTED_EDGE('',*,*,#1104,.F.);
#1468=EDGE_LOOP('',(#1451,#1454,#1455,#1456,#1457,#1458,#1459,#1465,#1466,#1467));
#1469=FACE_OUTER_BOUND('',#1468,.T.);
#1470=ADVANCED_FACE('',(#1469),#1450,.F.);
#1471=CARTESIAN_POINT('',(-0.081767501524648,-0.058070866141733,-0.003937007864656));
#1472=AXIS2_PLACEMENT_3D('',#1471,#71,#72);
#1473=PLANE('',#1472);
#1474=ORIENTED_EDGE('',*,*,#231,.F.);
#1475=LINE('',#223,#1052);
#1476=EDGE_CURVE('',#224,#1373,#1475,.T.);
#1477=ORIENTED_EDGE('',*,*,#1476,.T.);
#1478=ORIENTED_EDGE('',*,*,#1375,.T.);
#1479=ORIENTED_EDGE('',*,*,#1207,.T.);
#1480=EDGE_LOOP('',(#1474,#1477,#1478,#1479));
#1481=FACE_OUTER_BOUND('',#1480,.T.);
#1482=ADVANCED_FACE('',(#1481),#1473,.T.);
#1483=CARTESIAN_POINT('',(0.072409271580942,-0.058070866141733,-0.003937007864656));
#1484=AXIS2_PLACEMENT_3D('',#1483,#71,#72);
#1485=PLANE('',#1484);
#1486=ORIENTED_EDGE('',*,*,#1125,.F.);
#1487=LINE('',#1117,#1063);
#1488=EDGE_CURVE('',#1118,#1352,#1487,.T.);
#1489=ORIENTED_EDGE('',*,*,#1488,.T.);
#1490=ORIENTED_EDGE('',*,*,#1363,.F.);
#1491=ORIENTED_EDGE('',*,*,#1453,.T.);
#1492=EDGE_LOOP('',(#1486,#1489,#1490,#1491));
#1493=FACE_OUTER_BOUND('',#1492,.T.);
#1494=ADVANCED_FACE('',(#1493),#1485,.T.);
#1495=CARTESIAN_POINT('',(0.062204724409449,-0.07972440944882,-0.007874015738917));
#1496=AXIS2_PLACEMENT_3D('',#1495,#1013,#1014);
#1497=PLANE('',#1496);
#1498=ORIENTED_EDGE('',*,*,#600,.F.);
#1499=ORIENTED_EDGE('',*,*,#1464,.T.);
#1500=ORIENTED_EDGE('',*,*,#1275,.T.);
#1501=LINE('',#1267,#1235);
#1502=EDGE_CURVE('',#1268,#577,#1501,.T.);
#1503=ORIENTED_EDGE('',*,*,#1502,.T.);
#1504=EDGE_LOOP('',(#1498,#1499,#1500,#1503));
#1505=FACE_OUTER_BOUND('',#1504,.T.);
#1506=ADVANCED_FACE('',(#1505),#1497,.T.);
#1507=CARTESIAN_POINT('',(0.06146653543307,-0.078740157480316,-0.01220472440009));
#1508=AXIS2_PLACEMENT_3D('',#1507,#132,#152);
#1509=PLANE('',#1508);
#1510=ORIENTED_EDGE('',*,*,#1120,.F.);
#1511=ORIENTED_EDGE('',*,*,#561,.F.);
#1512=ORIENTED_EDGE('',*,*,#580,.F.);
#1513=ORIENTED_EDGE('',*,*,#1502,.F.);
#1514=ORIENTED_EDGE('',*,*,#1270,.F.);
#1515=ORIENTED_EDGE('',*,*,#1294,.F.);
#1516=ORIENTED_EDGE('',*,*,#1314,.F.);
#1517=ORIENTED_EDGE('',*,*,#1334,.F.);
#1518=ORIENTED_EDGE('',*,*,#1354,.F.);
#1519=ORIENTED_EDGE('',*,*,#1488,.F.);
#1520=EDGE_LOOP('',(#1510,#1511,#1512,#1513,#1514,#1515,#1516,#1517,#1518,#1519));
#1521=FACE_OUTER_BOUND('',#1520,.T.);
#1522=ADVANCED_FACE('',(#1521),#1509,.T.);
#1523=CARTESIAN_POINT('',(-0.095029527559101,-0.059055118110237,-0.01220472440009));
#1524=AXIS2_PLACEMENT_3D('',#1523,#132,#152);
#1525=PLANE('',#1524);
#1526=ORIENTED_EDGE('',*,*,#227,.F.);
#1527=ORIENTED_EDGE('',*,*,#1162,.F.);
#1528=ORIENTED_EDGE('',*,*,#1190,.F.);
#1529=ORIENTED_EDGE('',*,*,#1257,.F.);
#1530=ORIENTED_EDGE('',*,*,#1442,.F.);
#1531=ORIENTED_EDGE('',*,*,#1428,.F.);
#1532=ORIENTED_EDGE('',*,*,#1412,.F.);
#1533=ORIENTED_EDGE('',*,*,#1396,.F.);
#1534=ORIENTED_EDGE('',*,*,#1380,.F.);
#1535=ORIENTED_EDGE('',*,*,#1476,.F.);
#1536=EDGE_LOOP('',(#1526,#1527,#1528,#1529,#1530,#1531,#1532,#1533,#1534,#1535));
#1537=FACE_OUTER_BOUND('',#1536,.T.);
#1538=ADVANCED_FACE('',(#1537),#1525,.F.);
#1539=CARTESIAN_POINT('',(-0.097440944881889,-0.097440944881889,0.011811023622047));
#1540=AXIS2_PLACEMENT_3D('',#1539,#71,#72);
#1541=PLANE('',#1540);
#1542=ORIENTED_EDGE('',*,*,#255,.F.);
#1543=ORIENTED_EDGE('',*,*,#1133,.F.);
#1544=ORIENTED_EDGE('',*,*,#321,.F.);
#1545=ORIENTED_EDGE('',*,*,#341,.F.);
#1546=ORIENTED_EDGE('',*,*,#379,.F.);
#1547=ORIENTED_EDGE('',*,*,#702,.F.);
#1548=ORIENTED_EDGE('',*,*,#490,.F.);
#1549=ORIENTED_EDGE('',*,*,#401,.F.);
#1550=ORIENTED_EDGE('',*,*,#120,.F.);
#1551=ORIENTED_EDGE('',*,*,#145,.F.);
#1552=ORIENTED_EDGE('',*,*,#184,.F.);
#1553=ORIENTED_EDGE('',*,*,#214,.F.);
#1554=EDGE_LOOP('',(#1542,#1543,#1544,#1545,#1546,#1547,#1548,#1549,#1550,#1551,#1552,#1553));
#1555=FACE_OUTER_BOUND('',#1554,.T.);
#1556=ADVANCED_FACE('',(#1555),#1541,.T.);
#1557=CLOSED_SHELL('',(#124,#149,#188,#235,#281,#325,#345,#383,#425,#460,#498,#520,#552,#572,#604,#621,#637,#665,#681,#708,#761,#793,#819,#841,#867,#893,#917,#934,#951,#968,#988,#1011,#1027,#1039,#1058,#1071,#1081,#1097,#1113,#1139,#1155,#1172,#1199,#1243,#1261,#1287,#1307,#1327,#1347,#1367,#1387,#1403,#1419,#1435,#1447,#1470,#1482,#1494,#1506,#1522,#1538,#1556));
#1558=CARTESIAN_POINT('',(-0.086614173228346,-0.080118110236221,0.009842519685039));
#1559=AXIS2_PLACEMENT_3D('',#1558,#71,#72);
#1560=PLANE('',#1559);
#1561=CARTESIAN_POINT('',(-0.030511811023622,0.068897637795276,0.009842519685039));
#1562=VERTEX_POINT('',#1561);
#1563=CARTESIAN_POINT('',(-0.026574803149606,0.072834645669291,0.009842519685039));
#1564=VERTEX_POINT('',#1563);
#1565=CARTESIAN_POINT('',(-0.026574803149606,0.068897637795276,0.009842519685039));
#1566=AXIS2_PLACEMENT_3D('',#1565,#152,#142);
#1567=CIRCLE('',#1566,0.003937007874016);
#1568=EDGE_CURVE('',#1562,#1564,#1567,.T.);
#1569=ORIENTED_EDGE('',*,*,#1568,.T.);
#1570=CARTESIAN_POINT('',(0.026574803149606,0.072834645669291,0.009842519685039));
#1571=VERTEX_POINT('',#1570);
#1572=VECTOR('',#72,0.053149606299212);
#1573=LINE('',#1563,#1572);
#1574=EDGE_CURVE('',#1564,#1571,#1573,.T.);
#1575=ORIENTED_EDGE('',*,*,#1574,.T.);
#1576=CARTESIAN_POINT('',(0.030511811023622,0.068897637795276,0.009842519685039));
#1577=VERTEX_POINT('',#1576);
#1578=CARTESIAN_POINT('',(0.026574803149606,0.068897637795276,0.009842519685039));
#1579=AXIS2_PLACEMENT_3D('',#1578,#152,#72);
#1580=CIRCLE('',#1579,0.003937007874016);
#1581=EDGE_CURVE('',#1571,#1577,#1580,.T.);
#1582=ORIENTED_EDGE('',*,*,#1581,.T.);
#1583=CARTESIAN_POINT('',(0.030511811023622,0.059667104591448,0.009842519685039));
#1584=VERTEX_POINT('',#1583);
#1585=VECTOR('',#132,0.009230533203828);
#1586=LINE('',#1576,#1585);
#1587=EDGE_CURVE('',#1577,#1584,#1586,.T.);
#1588=ORIENTED_EDGE('',*,*,#1587,.T.);
#1589=CARTESIAN_POINT('',(0.03248031496063,0.056257555757651,0.009842519685039));
#1590=VERTEX_POINT('',#1589);
#1591=CARTESIAN_POINT('',(0.034448818897638,0.059667104591448,0.009842519685039));
#1592=AXIS2_PLACEMENT_3D('',#1591,#71,#72);
#1593=CIRCLE('',#1592,0.003937007874016);
#1594=EDGE_CURVE('',#1584,#1590,#1593,.T.);
#1595=ORIENTED_EDGE('',*,*,#1594,.T.);
#1596=CARTESIAN_POINT('',(0.056783231928649,0.031552305961755,0.009842519685039));
#1597=VERTEX_POINT('',#1596);
#1598=CARTESIAN_POINT('',(0.0,0.0,0.009842519685039));
#1599=DIRECTION('',(0.888198741900269,0.45945945945946,0.0));
#1600=AXIS2_PLACEMENT_3D('',#1598,#152,#1599);
#1601=CIRCLE('',#1600,0.06496062992126);
#1602=EDGE_CURVE('',#1590,#1597,#1601,.T.);
#1603=ORIENTED_EDGE('',*,*,#1602,.T.);
#1604=CARTESIAN_POINT('',(0.060224639924324,0.029527559055118,0.009842519685039));
#1605=VERTEX_POINT('',#1604);
#1606=CARTESIAN_POINT('',(0.060224639924324,0.033464566929134,0.009842519685039));
#1607=DIRECTION('',(-0.50709255283711,-0.861891607371335,0.0));
#1608=AXIS2_PLACEMENT_3D('',#1606,#152,#1607);
#1609=CIRCLE('',#1608,0.003937007874016);
#1610=EDGE_CURVE('',#1605,#1597,#1609,.T.);
#1611=ORIENTED_EDGE('',*,*,#1610,.F.);
#1612=CARTESIAN_POINT('',(0.074803149606299,0.029527559055118,0.009842519685039));
#1613=VERTEX_POINT('',#1612);
#1614=VECTOR('',#72,0.014578509681975);
#1615=LINE('',#1604,#1614);
#1616=EDGE_CURVE('',#1605,#1613,#1615,.T.);
#1617=ORIENTED_EDGE('',*,*,#1616,.T.);
#1618=CARTESIAN_POINT('',(0.078740157480315,0.025590551181102,0.009842519685039));
#1619=VERTEX_POINT('',#1618);
#1620=CARTESIAN_POINT('',(0.074803149606299,0.025590551181102,0.009842519685039));
#1621=DIRECTION('',(0.707106781186548,0.707106781186548,0.0));
#1622=AXIS2_PLACEMENT_3D('',#1620,#71,#1621);
#1623=CIRCLE('',#1622,0.003937007874016);
#1624=EDGE_CURVE('',#1619,#1613,#1623,.T.);
#1625=ORIENTED_EDGE('',*,*,#1624,.F.);
#1626=CARTESIAN_POINT('',(0.078740157480315,-0.025590551181102,0.009842519685039));
#1627=VERTEX_POINT('',#1626);
#1628=VECTOR('',#132,0.051181102362204);
#1629=LINE('',#1618,#1628);
#1630=EDGE_CURVE('',#1619,#1627,#1629,.T.);
#1631=ORIENTED_EDGE('',*,*,#1630,.T.);
#1632=CARTESIAN_POINT('',(0.074803149606299,-0.029527559055118,0.009842519685039));
#1633=VERTEX_POINT('',#1632);
#1634=CARTESIAN_POINT('',(0.074803149606299,-0.025590551181102,0.009842519685039));
#1635=DIRECTION('',(0.707106781186548,-0.707106781186547,0.0));
#1636=AXIS2_PLACEMENT_3D('',#1634,#71,#1635);
#1637=CIRCLE('',#1636,0.003937007874016);
#1638=EDGE_CURVE('',#1633,#1627,#1637,.T.);
#1639=ORIENTED_EDGE('',*,*,#1638,.F.);
#1640=CARTESIAN_POINT('',(0.060224639924324,-0.029527559055118,0.009842519685039));
#1641=VERTEX_POINT('',#1640);
#1642=VECTOR('',#126,0.014578509681975);
#1643=LINE('',#1632,#1642);
#1644=EDGE_CURVE('',#1633,#1641,#1643,.T.);
#1645=ORIENTED_EDGE('',*,*,#1644,.T.);
#1646=CARTESIAN_POINT('',(0.056783231928649,-0.031552305961755,0.009842519685039));
#1647=VERTEX_POINT('',#1646);
#1648=CARTESIAN_POINT('',(0.060224639924324,-0.033464566929134,0.009842519685039));
#1649=DIRECTION('',(-0.507092552837111,0.861891607371334,0.0));
#1650=AXIS2_PLACEMENT_3D('',#1648,#152,#1649);
#1651=CIRCLE('',#1650,0.003937007874016);
#1652=EDGE_CURVE('',#1647,#1641,#1651,.T.);
#1653=ORIENTED_EDGE('',*,*,#1652,.F.);
#1654=CARTESIAN_POINT('',(0.03248031496063,-0.056257555757651,0.009842519685039));
#1655=VERTEX_POINT('',#1654);
#1656=EDGE_CURVE('',#1647,#1655,#1601,.T.);
#1657=ORIENTED_EDGE('',*,*,#1656,.T.);
#1658=CARTESIAN_POINT('',(0.030511811023622,-0.059667104591448,0.009842519685039));
#1659=VERTEX_POINT('',#1658);
#1660=CARTESIAN_POINT('',(0.034448818897638,-0.059667104591448,0.009842519685039));
#1661=DIRECTION('',(0.500000000000001,-0.866025403784438,0.0));
#1662=AXIS2_PLACEMENT_3D('',#1660,#71,#1661);
#1663=CIRCLE('',#1662,0.003937007874016);
#1664=EDGE_CURVE('',#1655,#1659,#1663,.T.);
#1665=ORIENTED_EDGE('',*,*,#1664,.T.);
#1666=CARTESIAN_POINT('',(0.030511811023622,-0.068897637795276,0.009842519685039));
#1667=VERTEX_POINT('',#1666);
#1668=LINE('',#1658,#1585);
#1669=EDGE_CURVE('',#1659,#1667,#1668,.T.);
#1670=ORIENTED_EDGE('',*,*,#1669,.T.);
#1671=CARTESIAN_POINT('',(0.026574803149606,-0.072834645669291,0.009842519685039));
#1672=VERTEX_POINT('',#1671);
#1673=CARTESIAN_POINT('',(0.026574803149606,-0.068897637795276,0.009842519685039));
#1674=AXIS2_PLACEMENT_3D('',#1673,#152,#132);
#1675=CIRCLE('',#1674,0.003937007874016);
#1676=EDGE_CURVE('',#1667,#1672,#1675,.T.);
#1677=ORIENTED_EDGE('',*,*,#1676,.T.);
#1678=CARTESIAN_POINT('',(-0.026574803149606,-0.072834645669291,0.009842519685039));
#1679=VERTEX_POINT('',#1678);
#1680=VECTOR('',#126,0.053149606299212);
#1681=LINE('',#1671,#1680);
#1682=EDGE_CURVE('',#1672,#1679,#1681,.T.);
#1683=ORIENTED_EDGE('',*,*,#1682,.T.);
#1684=CARTESIAN_POINT('',(-0.030511811023622,-0.068897637795276,0.009842519685039));
#1685=VERTEX_POINT('',#1684);
#1686=CARTESIAN_POINT('',(-0.026574803149606,-0.068897637795276,0.009842519685039));
#1687=AXIS2_PLACEMENT_3D('',#1686,#152,#126);
#1688=CIRCLE('',#1687,0.003937007874016);
#1689=EDGE_CURVE('',#1679,#1685,#1688,.T.);
#1690=ORIENTED_EDGE('',*,*,#1689,.T.);
#1691=CARTESIAN_POINT('',(-0.030511811023622,-0.059667104591448,0.009842519685039));
#1692=VERTEX_POINT('',#1691);
#1693=VECTOR('',#142,0.009230533203828);
#1694=LINE('',#1684,#1693);
#1695=EDGE_CURVE('',#1685,#1692,#1694,.T.);
#1696=ORIENTED_EDGE('',*,*,#1695,.T.);
#1697=CARTESIAN_POINT('',(-0.03248031496063,-0.056257555757651,0.009842519685039));
#1698=VERTEX_POINT('',#1697);
#1699=CARTESIAN_POINT('',(-0.034448818897638,-0.059667104591448,0.009842519685039));
#1700=AXIS2_PLACEMENT_3D('',#1699,#71,#126);
#1701=CIRCLE('',#1700,0.003937007874016);
#1702=EDGE_CURVE('',#1692,#1698,#1701,.T.);
#1703=ORIENTED_EDGE('',*,*,#1702,.T.);
#1704=CARTESIAN_POINT('',(-0.056783231928649,-0.031552305961755,0.009842519685039));
#1705=VERTEX_POINT('',#1704);
#1706=DIRECTION('',(-0.499999999999999,0.866025403784439,0.0));
#1707=AXIS2_PLACEMENT_3D('',#1598,#152,#1706);
#1708=CIRCLE('',#1707,0.06496062992126);
#1709=EDGE_CURVE('',#1698,#1705,#1708,.T.);
#1710=ORIENTED_EDGE('',*,*,#1709,.T.);
#1711=CARTESIAN_POINT('',(-0.060224639924324,-0.029527559055118,0.009842519685039));
#1712=VERTEX_POINT('',#1711);
#1713=CARTESIAN_POINT('',(-0.060224639924324,-0.033464566929134,0.009842519685039));
#1714=DIRECTION('',(0.50709255283711,0.861891607371335,0.0));
#1715=AXIS2_PLACEMENT_3D('',#1713,#152,#1714);
#1716=CIRCLE('',#1715,0.003937007874016);
#1717=EDGE_CURVE('',#1712,#1705,#1716,.T.);
#1718=ORIENTED_EDGE('',*,*,#1717,.F.);
#1719=CARTESIAN_POINT('',(-0.074803149606299,-0.029527559055118,0.009842519685039));
#1720=VERTEX_POINT('',#1719);
#1721=LINE('',#1711,#1642);
#1722=EDGE_CURVE('',#1712,#1720,#1721,.T.);
#1723=ORIENTED_EDGE('',*,*,#1722,.T.);
#1724=CARTESIAN_POINT('',(-0.078740157480315,-0.025590551181102,0.009842519685039));
#1725=VERTEX_POINT('',#1724);
#1726=CARTESIAN_POINT('',(-0.074803149606299,-0.025590551181102,0.009842519685039));
#1727=DIRECTION('',(-0.707106781186548,-0.707106781186548,0.0));
#1728=AXIS2_PLACEMENT_3D('',#1726,#71,#1727);
#1729=CIRCLE('',#1728,0.003937007874016);
#1730=EDGE_CURVE('',#1725,#1720,#1729,.T.);
#1731=ORIENTED_EDGE('',*,*,#1730,.F.);
#1732=CARTESIAN_POINT('',(-0.078740157480315,0.025590551181102,0.009842519685039));
#1733=VERTEX_POINT('',#1732);
#1734=VECTOR('',#142,0.051181102362204);
#1735=LINE('',#1724,#1734);
#1736=EDGE_CURVE('',#1725,#1733,#1735,.T.);
#1737=ORIENTED_EDGE('',*,*,#1736,.T.);
#1738=CARTESIAN_POINT('',(-0.074803149606299,0.029527559055118,0.009842519685039));
#1739=VERTEX_POINT('',#1738);
#1740=CARTESIAN_POINT('',(-0.074803149606299,0.025590551181102,0.009842519685039));
#1741=DIRECTION('',(-0.707106781186548,0.707106781186547,0.0));
#1742=AXIS2_PLACEMENT_3D('',#1740,#71,#1741);
#1743=CIRCLE('',#1742,0.003937007874016);
#1744=EDGE_CURVE('',#1739,#1733,#1743,.T.);
#1745=ORIENTED_EDGE('',*,*,#1744,.F.);
#1746=CARTESIAN_POINT('',(-0.060224639924324,0.029527559055118,0.009842519685039));
#1747=VERTEX_POINT('',#1746);
#1748=LINE('',#1738,#1614);
#1749=EDGE_CURVE('',#1739,#1747,#1748,.T.);
#1750=ORIENTED_EDGE('',*,*,#1749,.T.);
#1751=CARTESIAN_POINT('',(-0.056783231928649,0.031552305961755,0.009842519685039));
#1752=VERTEX_POINT('',#1751);
#1753=CARTESIAN_POINT('',(-0.060224639924324,0.033464566929134,0.009842519685039));
#1754=DIRECTION('',(0.507092552837107,-0.861891607371336,0.0));
#1755=AXIS2_PLACEMENT_3D('',#1753,#152,#1754);
#1756=CIRCLE('',#1755,0.003937007874016);
#1757=EDGE_CURVE('',#1752,#1747,#1756,.T.);
#1758=ORIENTED_EDGE('',*,*,#1757,.F.);
#1759=CARTESIAN_POINT('',(-0.03248031496063,0.056257555757651,0.009842519685039));
#1760=VERTEX_POINT('',#1759);
#1761=EDGE_CURVE('',#1752,#1760,#1708,.T.);
#1762=ORIENTED_EDGE('',*,*,#1761,.T.);
#1763=CARTESIAN_POINT('',(-0.030511811023622,0.059667104591448,0.009842519685039));
#1764=VERTEX_POINT('',#1763);
#1765=CARTESIAN_POINT('',(-0.034448818897638,0.059667104591448,0.009842519685039));
#1766=AXIS2_PLACEMENT_3D('',#1765,#71,#1706);
#1767=CIRCLE('',#1766,0.003937007874016);
#1768=EDGE_CURVE('',#1760,#1764,#1767,.T.);
#1769=ORIENTED_EDGE('',*,*,#1768,.T.);
#1770=LINE('',#1763,#1693);
#1771=EDGE_CURVE('',#1764,#1562,#1770,.T.);
#1772=ORIENTED_EDGE('',*,*,#1771,.T.);
#1773=EDGE_LOOP('',(#1569,#1575,#1582,#1588,#1595,#1603,#1611,#1617,#1625,#1631,#1639,#1645,#1653,#1657,#1665,#1670,#1677,#1683,#1690,#1696,#1703,#1710,#1718,#1723,#1731,#1737,#1745,#1750,#1758,#1762,#1769,#1772));
#1774=FACE_OUTER_BOUND('',#1773,.T.);
#1775=ADVANCED_FACE('',(#1774),#1560,.F.);
#1776=CARTESIAN_POINT('',(3.991406E-019,0.0,2.730971128618267));
#1777=AXIS2_PLACEMENT_3D('',#1776,#71,#72);
#1778=CONICAL_SURFACE('',#1777,1.0,18.924644416051343);
#1779=CARTESIAN_POINT('',(0.058395263677919,0.023622047244094,-0.001968503927648));
#1780=VERTEX_POINT('',#1779);
#1781=CARTESIAN_POINT('',(0.058395263677918,-0.023622047244095,-0.001968503927648));
#1782=VERTEX_POINT('',#1781);
#1783=CARTESIAN_POINT('',(3.991406E-019,0.0,-0.001968503927648));
#1784=AXIS2_PLACEMENT_3D('',#1783,#152,#72);
#1785=CIRCLE('',#1784,0.062992125984252);
#1786=EDGE_CURVE('',#1780,#1782,#1785,.T.);
#1787=ORIENTED_EDGE('',*,*,#1786,.F.);
#1788=CARTESIAN_POINT('',(0.050686587359275,0.037401574802197,-0.001968503932328));
#1789=VERTEX_POINT('',#1788);
#1790=CARTESIAN_POINT('',(3.503780E-032,0.0,-0.001968503927648));
#1791=AXIS2_PLACEMENT_3D('',#1790,#71,#72);
#1792=CIRCLE('',#1791,0.062992125984252);
#1793=EDGE_CURVE('',#1780,#1789,#1792,.T.);
#1794=ORIENTED_EDGE('',*,*,#1793,.T.);
#1795=CARTESIAN_POINT('',(-0.050686587359275,0.037401574802197,-0.001968503932328));
#1796=VERTEX_POINT('',#1795);
#1797=CARTESIAN_POINT('',(3.991406E-019,0.0,-0.001968503937008));
#1798=AXIS2_PLACEMENT_3D('',#1797,#152,#72);
#1799=CIRCLE('',#1798,0.062992125981043);
#1800=EDGE_CURVE('',#1796,#1789,#1799,.T.);
#1801=ORIENTED_EDGE('',*,*,#1800,.F.);
#1802=CARTESIAN_POINT('',(-0.058395263677919,0.023622047244094,-0.001968503927648));
#1803=VERTEX_POINT('',#1802);
#1804=EDGE_CURVE('',#1796,#1803,#1792,.T.);
#1805=ORIENTED_EDGE('',*,*,#1804,.T.);
#1806=CARTESIAN_POINT('',(-0.058395263677918,-0.023622047244095,-0.001968503927648));
#1807=VERTEX_POINT('',#1806);
#1808=EDGE_CURVE('',#1807,#1803,#1785,.T.);
#1809=ORIENTED_EDGE('',*,*,#1808,.F.);
#1810=CARTESIAN_POINT('',(-0.050686587359275,-0.037401574802197,-0.001968503932328));
#1811=VERTEX_POINT('',#1810);
#1812=EDGE_CURVE('',#1807,#1811,#1792,.T.);
#1813=ORIENTED_EDGE('',*,*,#1812,.T.);
#1814=CARTESIAN_POINT('',(0.050686587359275,-0.037401574802197,-0.001968503932328));
#1815=VERTEX_POINT('',#1814);
#1816=EDGE_CURVE('',#1815,#1811,#1799,.T.);
#1817=ORIENTED_EDGE('',*,*,#1816,.F.);
#1818=EDGE_CURVE('',#1815,#1782,#1792,.T.);
#1819=ORIENTED_EDGE('',*,*,#1818,.T.);
#1820=EDGE_LOOP('',(#1787,#1794,#1801,#1805,#1809,#1813,#1817,#1819));
#1821=FACE_OUTER_BOUND('',#1820,.T.);
#1822=CARTESIAN_POINT('',(0.063630690069168,0.0,-0.000106025346645));
#1823=VERTEX_POINT('',#1822);
#1824=CARTESIAN_POINT('',(7.982811E-019,0.0,-0.000106025346645));
#1825=AXIS2_PLACEMENT_3D('',#1824,#71,#72);
#1826=CIRCLE('',#1825,0.063630690069168);
#1827=EDGE_CURVE('',#1823,#1823,#1826,.T.);
#1828=ORIENTED_EDGE('',*,*,#1827,.F.);
#1829=EDGE_LOOP('',(#1828));
#1830=FACE_BOUND('',#1829,.T.);
#1831=ADVANCED_FACE('',(#1821,#1830),#1778,.T.);
#1832=CARTESIAN_POINT('',(0.0,0.0,-0.198622047234735));
#1833=AXIS2_PLACEMENT_3D('',#1832,#71,#72);
#1834=SPHERICAL_SURFACE('',#1833,0.208464566929134);
#1835=ORIENTED_EDGE('',*,*,#1827,.T.);
#1836=EDGE_LOOP('',(#1835));
#1837=FACE_OUTER_BOUND('',#1836,.T.);
#1838=ADVANCED_FACE('',(#1837),#1834,.T.);
#1839=CARTESIAN_POINT('',(2.185478E-017,-6.283250E-017,-0.198622047234735));
#1840=AXIS2_PLACEMENT_3D('',#1839,#71,#72);
#1841=SPHERICAL_SURFACE('',#1840,0.206496062992126);
#1842=ORIENTED_EDGE('',*,*,#1786,.T.);
#1843=ORIENTED_EDGE('',*,*,#1818,.F.);
#1844=ORIENTED_EDGE('',*,*,#1816,.T.);
#1845=ORIENTED_EDGE('',*,*,#1812,.F.);
#1846=ORIENTED_EDGE('',*,*,#1808,.T.);
#1847=ORIENTED_EDGE('',*,*,#1804,.F.);
#1848=ORIENTED_EDGE('',*,*,#1800,.T.);
#1849=ORIENTED_EDGE('',*,*,#1793,.F.);
#1850=EDGE_LOOP('',(#1842,#1843,#1844,#1845,#1846,#1847,#1848,#1849));
#1851=FACE_OUTER_BOUND('',#1850,.T.);
#1852=ADVANCED_FACE('',(#1851),#1841,.F.);
#1853=CARTESIAN_POINT('',(0.048526494379692,0.025984251968503,-0.001968503927648));
#1854=AXIS2_PLACEMENT_3D('',#1853,#71,#72);
#1855=PLANE('',#1854);
#1856=CARTESIAN_POINT('',(0.049212598425198,0.023622047244094,-0.001968503927648));
#1857=VERTEX_POINT('',#1856);
#1858=VECTOR('',#72,0.009182665252721);
#1859=LINE('',#1856,#1858);
#1860=EDGE_CURVE('',#1857,#1780,#1859,.T.);
#1861=ORIENTED_EDGE('',*,*,#1860,.F.);
#1862=CARTESIAN_POINT('',(0.049212598425198,-0.023622047244095,-0.001968503927648));
#1863=VERTEX_POINT('',#1862);
#1864=VECTOR('',#142,0.047244094488189);
#1865=LINE('',#1862,#1864);
#1866=EDGE_CURVE('',#1863,#1857,#1865,.T.);
#1867=ORIENTED_EDGE('',*,*,#1866,.F.);
#1868=VECTOR('',#126,0.00918266525272);
#1869=LINE('',#1781,#1868);
#1870=EDGE_CURVE('',#1782,#1863,#1869,.T.);
#1871=ORIENTED_EDGE('',*,*,#1870,.F.);
#1872=EDGE_LOOP('',(#1787,#1861,#1867,#1871));
#1873=FACE_OUTER_BOUND('',#1872,.T.);
#1874=ADVANCED_FACE('',(#1873),#1855,.T.);
#1875=CARTESIAN_POINT('',(-0.063620783380827,0.025984251968503,-0.001968503927648));
#1876=AXIS2_PLACEMENT_3D('',#1875,#71,#72);
#1877=PLANE('',#1876);
#1878=CARTESIAN_POINT('',(-0.049212598425194,-0.023622047244095,-0.001968503927648));
#1879=VERTEX_POINT('',#1878);
#1880=VECTOR('',#126,0.009182665252724);
#1881=LINE('',#1878,#1880);
#1882=EDGE_CURVE('',#1879,#1807,#1881,.T.);
#1883=ORIENTED_EDGE('',*,*,#1882,.F.);
#1884=CARTESIAN_POINT('',(-0.049212598425194,0.023622047244094,-0.001968503927648));
#1885=VERTEX_POINT('',#1884);
#1886=VECTOR('',#132,0.047244094488189);
#1887=LINE('',#1884,#1886);
#1888=EDGE_CURVE('',#1885,#1879,#1887,.T.);
#1889=ORIENTED_EDGE('',*,*,#1888,.F.);
#1890=VECTOR('',#72,0.009182665252725);
#1891=LINE('',#1802,#1890);
#1892=EDGE_CURVE('',#1803,#1885,#1891,.T.);
#1893=ORIENTED_EDGE('',*,*,#1892,.F.);
#1894=EDGE_LOOP('',(#1809,#1883,#1889,#1893));
#1895=FACE_OUTER_BOUND('',#1894,.T.);
#1896=ADVANCED_FACE('',(#1895),#1877,.T.);
#1897=CARTESIAN_POINT('',(-0.058424454013997,-0.074606299212694,-0.001968503937008));
#1898=AXIS2_PLACEMENT_3D('',#1897,#71,#72);
#1899=PLANE('',#1898);
#1900=CARTESIAN_POINT('',(-0.053113140012725,-0.03740157480315,-0.001968503937008));
#1901=VERTEX_POINT('',#1900);
#1902=CARTESIAN_POINT('',(-0.050686587359275,-0.03740157480315,-0.001968503937008));
#1903=VECTOR('',#126,0.00242655265345);
#1904=LINE('',#1902,#1903);
#1905=EDGE_CURVE('',#1811,#1901,#1904,.T.);
#1906=ORIENTED_EDGE('',*,*,#1905,.T.);
#1907=CARTESIAN_POINT('',(-0.03248031496063,-0.056257555757651,-0.001968503937008));
#1908=VERTEX_POINT('',#1907);
#1909=CARTESIAN_POINT('',(0.0,0.0,-0.001968503937008));
#1910=AXIS2_PLACEMENT_3D('',#1909,#71,#1706);
#1911=CIRCLE('',#1910,0.06496062992126);
#1912=EDGE_CURVE('',#1901,#1908,#1911,.T.);
#1913=ORIENTED_EDGE('',*,*,#1912,.T.);
#1914=CARTESIAN_POINT('',(-0.030511811023622,-0.059667104591448,-0.001968503937008));
#1915=VERTEX_POINT('',#1914);
#1916=CARTESIAN_POINT('',(-0.034448818897638,-0.059667104591448,-0.001968503937008));
#1917=AXIS2_PLACEMENT_3D('',#1916,#152,#126);
#1918=CIRCLE('',#1917,0.003937007874016);
#1919=EDGE_CURVE('',#1908,#1915,#1918,.T.);
#1920=ORIENTED_EDGE('',*,*,#1919,.T.);
#1921=CARTESIAN_POINT('',(-0.030511811023622,-0.068897637795276,-0.001968503937008));
#1922=VERTEX_POINT('',#1921);
#1923=LINE('',#1914,#1585);
#1924=EDGE_CURVE('',#1915,#1922,#1923,.T.);
#1925=ORIENTED_EDGE('',*,*,#1924,.T.);
#1926=CARTESIAN_POINT('',(-0.026574803149606,-0.072834645669291,-0.001968503937008));
#1927=VERTEX_POINT('',#1926);
#1928=CARTESIAN_POINT('',(-0.026574803149606,-0.068897637795276,-0.001968503937008));
#1929=AXIS2_PLACEMENT_3D('',#1928,#71,#126);
#1930=CIRCLE('',#1929,0.003937007874016);
#1931=EDGE_CURVE('',#1922,#1927,#1930,.T.);
#1932=ORIENTED_EDGE('',*,*,#1931,.T.);
#1933=CARTESIAN_POINT('',(0.026574803149606,-0.072834645669291,-0.001968503937008));
#1934=VERTEX_POINT('',#1933);
#1935=LINE('',#1926,#1572);
#1936=EDGE_CURVE('',#1927,#1934,#1935,.T.);
#1937=ORIENTED_EDGE('',*,*,#1936,.T.);
#1938=CARTESIAN_POINT('',(0.030511811023622,-0.068897637795276,-0.001968503937008));
#1939=VERTEX_POINT('',#1938);
#1940=CARTESIAN_POINT('',(0.026574803149606,-0.068897637795276,-0.001968503937008));
#1941=AXIS2_PLACEMENT_3D('',#1940,#71,#132);
#1942=CIRCLE('',#1941,0.003937007874016);
#1943=EDGE_CURVE('',#1934,#1939,#1942,.T.);
#1944=ORIENTED_EDGE('',*,*,#1943,.T.);
#1945=CARTESIAN_POINT('',(0.030511811023622,-0.059667104591448,-0.001968503937008));
#1946=VERTEX_POINT('',#1945);
#1947=LINE('',#1938,#1693);
#1948=EDGE_CURVE('',#1939,#1946,#1947,.T.);
#1949=ORIENTED_EDGE('',*,*,#1948,.T.);
#1950=CARTESIAN_POINT('',(0.03248031496063,-0.056257555757651,-0.001968503937008));
#1951=VERTEX_POINT('',#1950);
#1952=CARTESIAN_POINT('',(0.034448818897638,-0.059667104591448,-0.001968503937008));
#1953=AXIS2_PLACEMENT_3D('',#1952,#152,#1661);
#1954=CIRCLE('',#1953,0.003937007874016);
#1955=EDGE_CURVE('',#1946,#1951,#1954,.T.);
#1956=ORIENTED_EDGE('',*,*,#1955,.T.);
#1957=CARTESIAN_POINT('',(0.053113140012725,-0.03740157480315,-0.001968503937008));
#1958=VERTEX_POINT('',#1957);
#1959=AXIS2_PLACEMENT_3D('',#1909,#71,#1599);
#1960=CIRCLE('',#1959,0.06496062992126);
#1961=EDGE_CURVE('',#1951,#1958,#1960,.T.);
#1962=ORIENTED_EDGE('',*,*,#1961,.T.);
#1963=LINE('',#1957,#1903);
#1964=EDGE_CURVE('',#1958,#1815,#1963,.T.);
#1965=ORIENTED_EDGE('',*,*,#1964,.T.);
#1966=EDGE_LOOP('',(#1844,#1906,#1913,#1920,#1925,#1932,#1937,#1944,#1949,#1956,#1962,#1965));
#1967=FACE_OUTER_BOUND('',#1966,.T.);
#1968=ADVANCED_FACE('',(#1967),#1899,.T.);
#1969=CARTESIAN_POINT('',(-0.055755246096623,-0.069291338579147,-0.001968503937008));
#1970=AXIS2_PLACEMENT_3D('',#1969,#71,#72);
#1971=PLANE('',#1970);
#1972=CARTESIAN_POINT('',(-0.036594978216503,0.03740157480315,-0.001968503937008));
#1973=VERTEX_POINT('',#1972);
#1974=CARTESIAN_POINT('',(-0.050686587359275,0.03740157480315,-0.001968503937008));
#1975=VECTOR('',#72,0.014091609142772);
#1976=LINE('',#1974,#1975);
#1977=EDGE_CURVE('',#1796,#1973,#1976,.T.);
#1978=ORIENTED_EDGE('',*,*,#1977,.T.);
#1979=CARTESIAN_POINT('',(-0.039370078740157,0.030001306740071,-0.001968503937008));
#1980=VERTEX_POINT('',#1979);
#1981=DIRECTION('',(-0.351123441588393,-0.936329177569044,0.0));
#1982=VECTOR('',#1981,0.007903489755912);
#1983=LINE('',#1972,#1982);
#1984=EDGE_CURVE('',#1973,#1980,#1983,.T.);
#1985=ORIENTED_EDGE('',*,*,#1984,.T.);
#1986=CARTESIAN_POINT('',(-0.039370078740157,-0.030001306740071,-0.001968503937008));
#1987=VERTEX_POINT('',#1986);
#1988=VECTOR('',#132,0.060002613480142);
#1989=LINE('',#1979,#1988);
#1990=EDGE_CURVE('',#1980,#1987,#1989,.T.);
#1991=ORIENTED_EDGE('',*,*,#1990,.T.);
#1992=CARTESIAN_POINT('',(-0.036614173228346,-0.03740157480315,-0.001968503937008));
#1993=VERTEX_POINT('',#1992);
#1994=DIRECTION('',(0.348991470643886,-0.937125900515943,0.0));
#1995=VECTOR('',#1994,0.007896770390195);
#1996=LINE('',#1986,#1995);
#1997=EDGE_CURVE('',#1987,#1993,#1996,.T.);
#1998=ORIENTED_EDGE('',*,*,#1997,.T.);
#1999=VECTOR('',#126,0.014072414130929);
#2000=LINE('',#1992,#1999);
#2001=EDGE_CURVE('',#1993,#1811,#2000,.T.);
#2002=ORIENTED_EDGE('',*,*,#2001,.T.);
#2003=CARTESIAN_POINT('',(0.036614173228346,-0.03740157480315,-0.001968503937008));
#2004=VERTEX_POINT('',#2003);
#2005=CARTESIAN_POINT('',(0.050686587359275,-0.03740157480315,-0.001968503937008));
#2006=LINE('',#2005,#1999);
#2007=EDGE_CURVE('',#1815,#2004,#2006,.T.);
#2008=ORIENTED_EDGE('',*,*,#2007,.T.);
#2009=CARTESIAN_POINT('',(0.039370078740157,-0.030001306740071,-0.001968503937008));
#2010=VERTEX_POINT('',#2009);
#2011=DIRECTION('',(0.348991470643888,0.937125900515942,0.0));
#2012=VECTOR('',#2011,0.007896770390195);
#2013=LINE('',#2003,#2012);
#2014=EDGE_CURVE('',#2004,#2010,#2013,.T.);
#2015=ORIENTED_EDGE('',*,*,#2014,.T.);
#2016=CARTESIAN_POINT('',(0.039370078740157,0.030001306740071,-0.001968503937008));
#2017=VERTEX_POINT('',#2016);
#2018=VECTOR('',#142,0.060002613480142);
#2019=LINE('',#2009,#2018);
#2020=EDGE_CURVE('',#2010,#2017,#2019,.T.);
#2021=ORIENTED_EDGE('',*,*,#2020,.T.);
#2022=CARTESIAN_POINT('',(0.036594978216503,0.03740157480315,-0.001968503937008));
#2023=VERTEX_POINT('',#2022);
#2024=DIRECTION('',(-0.351123441588393,0.936329177569044,0.0));
#2025=VECTOR('',#2024,0.007903489755912);
#2026=LINE('',#2016,#2025);
#2027=EDGE_CURVE('',#2017,#2023,#2026,.T.);
#2028=ORIENTED_EDGE('',*,*,#2027,.T.);
#2029=LINE('',#2022,#1975);
#2030=EDGE_CURVE('',#2023,#1789,#2029,.T.);
#2031=ORIENTED_EDGE('',*,*,#2030,.T.);
#2032=EDGE_LOOP('',(#1801,#1978,#1985,#1991,#1998,#2002,#1817,#2008,#2015,#2021,#2028,#2031));
#2033=FACE_OUTER_BOUND('',#2032,.T.);
#2034=CARTESIAN_POINT('',(-0.009842519685039,0.027838849653014,-0.001968503930768));
#2035=VERTEX_POINT('',#2034);
#2036=CARTESIAN_POINT('',(0.009842519685039,0.027838849653014,-0.001968503930768));
#2037=VERTEX_POINT('',#2036);
#2038=AXIS2_PLACEMENT_3D('',#1909,#152,#126);
#2039=CIRCLE('',#2038,0.029527559055118);
#2040=EDGE_CURVE('',#2035,#2037,#2039,.T.);
#2041=ORIENTED_EDGE('',*,*,#2040,.T.);
#2042=CARTESIAN_POINT('',(0.009842519685039,0.014730934593597,-0.001968503927648));
#2043=VERTEX_POINT('',#2042);
#2044=VECTOR('',#142,0.013107915059416);
#2045=LINE('',#2042,#2044);
#2046=EDGE_CURVE('',#2043,#2037,#2045,.T.);
#2047=ORIENTED_EDGE('',*,*,#2046,.F.);
#2048=CARTESIAN_POINT('',(0.01701930754507,0.004921259842519,-0.001968503927648));
#2049=VERTEX_POINT('',#2048);
#2050=CARTESIAN_POINT('',(2.976941E-017,-8.195544E-016,-0.001968503927648));
#2051=DIRECTION('',(0.960645359210588,0.277777777777779,0.0));
#2052=AXIS2_PLACEMENT_3D('',#2050,#71,#2051);
#2053=CIRCLE('',#2052,0.017716535433071);
#2054=EDGE_CURVE('',#2049,#2043,#2053,.T.);
#2055=ORIENTED_EDGE('',*,*,#2054,.F.);
#2056=CARTESIAN_POINT('',(-0.017019307545069,0.004921259842519,-0.001968503927648));
#2057=VERTEX_POINT('',#2056);
#2058=VECTOR('',#72,0.034038615090139);
#2059=LINE('',#2056,#2058);
#2060=EDGE_CURVE('',#2057,#2049,#2059,.T.);
#2061=ORIENTED_EDGE('',*,*,#2060,.F.);
#2062=CARTESIAN_POINT('',(-0.009842519685039,0.014730934593597,-0.001968503927648));
#2063=VERTEX_POINT('',#2062);
#2064=DIRECTION('',(-0.555555555555555,0.831479419283099,0.0));
#2065=AXIS2_PLACEMENT_3D('',#2050,#71,#2064);
#2066=CIRCLE('',#2065,0.017716535433071);
#2067=EDGE_CURVE('',#2063,#2057,#2066,.T.);
#2068=ORIENTED_EDGE('',*,*,#2067,.F.);
#2069=CARTESIAN_POINT('',(-0.009842519685039,0.027838849653014,-0.001968503927648));
#2070=VECTOR('',#132,0.013107915059416);
#2071=LINE('',#2069,#2070);
#2072=EDGE_CURVE('',#2035,#2063,#2071,.T.);
#2073=ORIENTED_EDGE('',*,*,#2072,.F.);
#2074=EDGE_LOOP('',(#2041,#2047,#2055,#2061,#2068,#2073));
#2075=FACE_BOUND('',#2074,.T.);
#2076=CARTESIAN_POINT('',(0.01701930754507,-0.00492125984252,-0.001968503927648));
#2077=VERTEX_POINT('',#2076);
#2078=CARTESIAN_POINT('',(-0.017019307545069,-0.004921259842521,-0.001968503927648));
#2079=VERTEX_POINT('',#2078);
#2080=DIRECTION('',(-0.960645359210588,-0.277777777777779,0.0));
#2081=AXIS2_PLACEMENT_3D('',#2050,#152,#2080);
#2082=CIRCLE('',#2081,0.017716535433071);
#2083=EDGE_CURVE('',#2077,#2079,#2082,.T.);
#2084=ORIENTED_EDGE('',*,*,#2083,.T.);
#2085=LINE('',#2078,#2058);
#2086=EDGE_CURVE('',#2079,#2077,#2085,.T.);
#2087=ORIENTED_EDGE('',*,*,#2086,.T.);
#2088=EDGE_LOOP('',(#2084,#2087));
#2089=FACE_BOUND('',#2088,.T.);
#2090=ADVANCED_FACE('',(#2033,#2075,#2089),#1971,.T.);
#2091=CARTESIAN_POINT('',(-0.080847416443506,0.041141732283465,-0.003937007864656));
#2092=AXIS2_PLACEMENT_3D('',#2091,#71,#72);
#2093=PLANE('',#2092);
#2094=CARTESIAN_POINT('',(-0.074803149606299,-0.029527559055118,-0.003937007864656));
#2095=VERTEX_POINT('',#2094);
#2096=CARTESIAN_POINT('',(-0.078740157480315,-0.025590551181102,-0.003937007864656));
#2097=VERTEX_POINT('',#2096);
#2098=CARTESIAN_POINT('',(-0.074803149606299,-0.025590551181102,-0.003937007864656));
#2099=AXIS2_PLACEMENT_3D('',#2098,#152,#1727);
#2100=CIRCLE('',#2099,0.003937007874016);
#2101=EDGE_CURVE('',#2095,#2097,#2100,.T.);
#2102=ORIENTED_EDGE('',*,*,#2101,.F.);
#2103=CARTESIAN_POINT('',(-0.060224639924324,-0.029527559055118,-0.003937007864656));
#2104=VERTEX_POINT('',#2103);
#2105=LINE('',#2103,#1642);
#2106=EDGE_CURVE('',#2104,#2095,#2105,.T.);
#2107=ORIENTED_EDGE('',*,*,#2106,.F.);
#2108=CARTESIAN_POINT('',(-0.056783231928649,-0.031552305961755,-0.003937007864656));
#2109=VERTEX_POINT('',#2108);
#2110=CARTESIAN_POINT('',(-0.060224639924324,-0.033464566929134,-0.003937007864656));
#2111=AXIS2_PLACEMENT_3D('',#2110,#71,#1714);
#2112=CIRCLE('',#2111,0.003937007874016);
#2113=EDGE_CURVE('',#2109,#2104,#2112,.T.);
#2114=ORIENTED_EDGE('',*,*,#2113,.F.);
#2115=CARTESIAN_POINT('',(-0.053113140012725,-0.03740157480315,-0.003937007864656));
#2116=VERTEX_POINT('',#2115);
#2117=CARTESIAN_POINT('',(0.0,0.0,-0.003937007864656));
#2118=AXIS2_PLACEMENT_3D('',#2117,#152,#1706);
#2119=CIRCLE('',#2118,0.06496062992126);
#2120=EDGE_CURVE('',#2116,#2109,#2119,.T.);
#2121=ORIENTED_EDGE('',*,*,#2120,.F.);
#2122=CARTESIAN_POINT('',(-0.036614173228346,-0.03740157480315,-0.003937007864656));
#2123=VERTEX_POINT('',#2122);
#2124=VECTOR('',#126,0.016498966784379);
#2125=LINE('',#2122,#2124);
#2126=EDGE_CURVE('',#2123,#2116,#2125,.T.);
#2127=ORIENTED_EDGE('',*,*,#2126,.F.);
#2128=CARTESIAN_POINT('',(-0.039370078740157,-0.030001306740071,-0.003937007864656));
#2129=VERTEX_POINT('',#2128);
#2130=DIRECTION('',(0.348991470643887,-0.937125900515943,0.0));
#2131=VECTOR('',#2130,0.007896770390195);
#2132=LINE('',#2128,#2131);
#2133=EDGE_CURVE('',#2129,#2123,#2132,.T.);
#2134=ORIENTED_EDGE('',*,*,#2133,.F.);
#2135=CARTESIAN_POINT('',(-0.039370078740157,0.030001306740071,-0.003937007864656));
#2136=VERTEX_POINT('',#2135);
#2137=LINE('',#2135,#1988);
#2138=EDGE_CURVE('',#2136,#2129,#2137,.T.);
#2139=ORIENTED_EDGE('',*,*,#2138,.F.);
#2140=CARTESIAN_POINT('',(-0.036594978216503,0.03740157480315,-0.003937007864656));
#2141=VERTEX_POINT('',#2140);
#2142=LINE('',#2140,#1982);
#2143=EDGE_CURVE('',#2141,#2136,#2142,.T.);
#2144=ORIENTED_EDGE('',*,*,#2143,.F.);
#2145=CARTESIAN_POINT('',(-0.053113140012725,0.03740157480315,-0.003937007864656));
#2146=VERTEX_POINT('',#2145);
#2147=VECTOR('',#72,0.016518161796222);
#2148=LINE('',#2145,#2147);
#2149=EDGE_CURVE('',#2146,#2141,#2148,.T.);
#2150=ORIENTED_EDGE('',*,*,#2149,.F.);
#2151=CARTESIAN_POINT('',(-0.056783231928649,0.031552305961755,-0.003937007864656));
#2152=VERTEX_POINT('',#2151);
#2153=EDGE_CURVE('',#2152,#2146,#2119,.T.);
#2154=ORIENTED_EDGE('',*,*,#2153,.F.);
#2155=CARTESIAN_POINT('',(-0.060224639924324,0.029527559055118,-0.003937007864656));
#2156=VERTEX_POINT('',#2155);
#2157=CARTESIAN_POINT('',(-0.060224639924324,0.033464566929134,-0.003937007864656));
#2158=AXIS2_PLACEMENT_3D('',#2157,#71,#1754);
#2159=CIRCLE('',#2158,0.003937007874016);
#2160=EDGE_CURVE('',#2156,#2152,#2159,.T.);
#2161=ORIENTED_EDGE('',*,*,#2160,.F.);
#2162=CARTESIAN_POINT('',(-0.074803149606299,0.029527559055118,-0.003937007864656));
#2163=VERTEX_POINT('',#2162);
#2164=LINE('',#2162,#1614);
#2165=EDGE_CURVE('',#2163,#2156,#2164,.T.);
#2166=ORIENTED_EDGE('',*,*,#2165,.F.);
#2167=CARTESIAN_POINT('',(-0.078740157480315,0.025590551181102,-0.003937007864656));
#2168=VERTEX_POINT('',#2167);
#2169=CARTESIAN_POINT('',(-0.074803149606299,0.025590551181102,-0.003937007864656));
#2170=AXIS2_PLACEMENT_3D('',#2169,#152,#1741);
#2171=CIRCLE('',#2170,0.003937007874016);
#2172=EDGE_CURVE('',#2168,#2163,#2171,.T.);
#2173=ORIENTED_EDGE('',*,*,#2172,.F.);
#2174=LINE('',#2096,#1734);
#2175=EDGE_CURVE('',#2097,#2168,#2174,.T.);
#2176=ORIENTED_EDGE('',*,*,#2175,.F.);
#2177=EDGE_LOOP('',(#2102,#2107,#2114,#2121,#2127,#2134,#2139,#2144,#2150,#2154,#2161,#2166,#2173,#2176));
#2178=FACE_OUTER_BOUND('',#2177,.T.);
#2179=CARTESIAN_POINT('',(-0.049212598425194,0.023622047244094,-0.003937007864656));
#2180=VERTEX_POINT('',#2179);
#2181=CARTESIAN_POINT('',(-0.049212598425194,-0.023622047244095,-0.003937007864656));
#2182=VERTEX_POINT('',#2181);
#2183=LINE('',#2179,#1886);
#2184=EDGE_CURVE('',#2180,#2182,#2183,.T.);
#2185=ORIENTED_EDGE('',*,*,#2184,.T.);
#2186=CARTESIAN_POINT('',(-0.068897637795273,-0.023622047244095,-0.003937007864656));
#2187=VERTEX_POINT('',#2186);
#2188=VECTOR('',#126,0.019685039370079);
#2189=LINE('',#2181,#2188);
#2190=EDGE_CURVE('',#2182,#2187,#2189,.T.);
#2191=ORIENTED_EDGE('',*,*,#2190,.T.);
#2192=CARTESIAN_POINT('',(-0.068897637795273,0.023622047244094,-0.003937007864656));
#2193=VERTEX_POINT('',#2192);
#2194=LINE('',#2186,#1864);
#2195=EDGE_CURVE('',#2187,#2193,#2194,.T.);
#2196=ORIENTED_EDGE('',*,*,#2195,.T.);
#2197=VECTOR('',#72,0.019685039370079);
#2198=LINE('',#2192,#2197);
#2199=EDGE_CURVE('',#2193,#2180,#2198,.T.);
#2200=ORIENTED_EDGE('',*,*,#2199,.T.);
#2201=EDGE_LOOP('',(#2185,#2191,#2196,#2200));
#2202=FACE_BOUND('',#2201,.T.);
#2203=ADVANCED_FACE('',(#2178,#2202),#2093,.T.);
#2204=CARTESIAN_POINT('',(0.034487719253312,0.041141732283465,-0.003937007864656));
#2205=AXIS2_PLACEMENT_3D('',#2204,#71,#72);
#2206=PLANE('',#2205);
#2207=CARTESIAN_POINT('',(0.074803149606299,0.029527559055118,-0.003937007864656));
#2208=VERTEX_POINT('',#2207);
#2209=CARTESIAN_POINT('',(0.078740157480315,0.025590551181102,-0.003937007864656));
#2210=VERTEX_POINT('',#2209);
#2211=CARTESIAN_POINT('',(0.074803149606299,0.025590551181102,-0.003937007864656));
#2212=AXIS2_PLACEMENT_3D('',#2211,#152,#1621);
#2213=CIRCLE('',#2212,0.003937007874016);
#2214=EDGE_CURVE('',#2208,#2210,#2213,.T.);
#2215=ORIENTED_EDGE('',*,*,#2214,.F.);
#2216=CARTESIAN_POINT('',(0.060224639924324,0.029527559055118,-0.003937007864656));
#2217=VERTEX_POINT('',#2216);
#2218=LINE('',#2216,#1614);
#2219=EDGE_CURVE('',#2217,#2208,#2218,.T.);
#2220=ORIENTED_EDGE('',*,*,#2219,.F.);
#2221=CARTESIAN_POINT('',(0.056783231928649,0.031552305961755,-0.003937007864656));
#2222=VERTEX_POINT('',#2221);
#2223=CARTESIAN_POINT('',(0.060224639924324,0.033464566929134,-0.003937007864656));
#2224=AXIS2_PLACEMENT_3D('',#2223,#71,#1607);
#2225=CIRCLE('',#2224,0.003937007874016);
#2226=EDGE_CURVE('',#2222,#2217,#2225,.T.);
#2227=ORIENTED_EDGE('',*,*,#2226,.F.);
#2228=CARTESIAN_POINT('',(0.053113140012725,0.03740157480315,-0.003937007864656));
#2229=VERTEX_POINT('',#2228);
#2230=AXIS2_PLACEMENT_3D('',#2117,#152,#1599);
#2231=CIRCLE('',#2230,0.06496062992126);
#2232=EDGE_CURVE('',#2229,#2222,#2231,.T.);
#2233=ORIENTED_EDGE('',*,*,#2232,.F.);
#2234=CARTESIAN_POINT('',(0.036594978216503,0.03740157480315,-0.003937007864656));
#2235=VERTEX_POINT('',#2234);
#2236=LINE('',#2234,#2147);
#2237=EDGE_CURVE('',#2235,#2229,#2236,.T.);
#2238=ORIENTED_EDGE('',*,*,#2237,.F.);
#2239=CARTESIAN_POINT('',(0.039370078740157,0.030001306740071,-0.003937007864656));
#2240=VERTEX_POINT('',#2239);
#2241=LINE('',#2239,#2025);
#2242=EDGE_CURVE('',#2240,#2235,#2241,.T.);
#2243=ORIENTED_EDGE('',*,*,#2242,.F.);
#2244=CARTESIAN_POINT('',(0.039370078740157,-0.030001306740071,-0.003937007864656));
#2245=VERTEX_POINT('',#2244);
#2246=LINE('',#2244,#2018);
#2247=EDGE_CURVE('',#2245,#2240,#2246,.T.);
#2248=ORIENTED_EDGE('',*,*,#2247,.F.);
#2249=CARTESIAN_POINT('',(0.036614173228346,-0.03740157480315,-0.003937007864656));
#2250=VERTEX_POINT('',#2249);
#2251=DIRECTION('',(0.348991470643889,0.937125900515942,0.0));
#2252=VECTOR('',#2251,0.007896770390195);
#2253=LINE('',#2249,#2252);
#2254=EDGE_CURVE('',#2250,#2245,#2253,.T.);
#2255=ORIENTED_EDGE('',*,*,#2254,.F.);
#2256=CARTESIAN_POINT('',(0.053113140012725,-0.03740157480315,-0.003937007864656));
#2257=VERTEX_POINT('',#2256);
#2258=LINE('',#2256,#2124);
#2259=EDGE_CURVE('',#2257,#2250,#2258,.T.);
#2260=ORIENTED_EDGE('',*,*,#2259,.F.);
#2261=CARTESIAN_POINT('',(0.056783231928649,-0.031552305961755,-0.003937007864656));
#2262=VERTEX_POINT('',#2261);
#2263=EDGE_CURVE('',#2262,#2257,#2231,.T.);
#2264=ORIENTED_EDGE('',*,*,#2263,.F.);
#2265=CARTESIAN_POINT('',(0.060224639924324,-0.029527559055118,-0.003937007864656));
#2266=VERTEX_POINT('',#2265);
#2267=CARTESIAN_POINT('',(0.060224639924324,-0.033464566929134,-0.003937007864656));
#2268=AXIS2_PLACEMENT_3D('',#2267,#71,#1649);
#2269=CIRCLE('',#2268,0.003937007874016);
#2270=EDGE_CURVE('',#2266,#2262,#2269,.T.);
#2271=ORIENTED_EDGE('',*,*,#2270,.F.);
#2272=CARTESIAN_POINT('',(0.074803149606299,-0.029527559055118,-0.003937007864656));
#2273=VERTEX_POINT('',#2272);
#2274=LINE('',#2272,#1642);
#2275=EDGE_CURVE('',#2273,#2266,#2274,.T.);
#2276=ORIENTED_EDGE('',*,*,#2275,.F.);
#2277=CARTESIAN_POINT('',(0.078740157480315,-0.025590551181102,-0.003937007864656));
#2278=VERTEX_POINT('',#2277);
#2279=CARTESIAN_POINT('',(0.074803149606299,-0.025590551181102,-0.003937007864656));
#2280=AXIS2_PLACEMENT_3D('',#2279,#152,#1635);
#2281=CIRCLE('',#2280,0.003937007874016);
#2282=EDGE_CURVE('',#2278,#2273,#2281,.T.);
#2283=ORIENTED_EDGE('',*,*,#2282,.F.);
#2284=LINE('',#2209,#1628);
#2285=EDGE_CURVE('',#2210,#2278,#2284,.T.);
#2286=ORIENTED_EDGE('',*,*,#2285,.F.);
#2287=EDGE_LOOP('',(#2215,#2220,#2227,#2233,#2238,#2243,#2248,#2255,#2260,#2264,#2271,#2276,#2283,#2286));
#2288=FACE_OUTER_BOUND('',#2287,.T.);
#2289=CARTESIAN_POINT('',(0.068897637795277,0.023622047244094,-0.003937007864656));
#2290=VERTEX_POINT('',#2289);
#2291=CARTESIAN_POINT('',(0.068897637795277,-0.023622047244095,-0.003937007864656));
#2292=VERTEX_POINT('',#2291);
#2293=LINE('',#2289,#1886);
#2294=EDGE_CURVE('',#2290,#2292,#2293,.T.);
#2295=ORIENTED_EDGE('',*,*,#2294,.T.);
#2296=CARTESIAN_POINT('',(0.049212598425198,-0.023622047244095,-0.003937007864656));
#2297=VERTEX_POINT('',#2296);
#2298=LINE('',#2291,#2188);
#2299=EDGE_CURVE('',#2292,#2297,#2298,.T.);
#2300=ORIENTED_EDGE('',*,*,#2299,.T.);
#2301=CARTESIAN_POINT('',(0.049212598425198,0.023622047244094,-0.003937007864656));
#2302=VERTEX_POINT('',#2301);
#2303=LINE('',#2296,#1864);
#2304=EDGE_CURVE('',#2297,#2302,#2303,.T.);
#2305=ORIENTED_EDGE('',*,*,#2304,.T.);
#2306=LINE('',#2301,#2197);
#2307=EDGE_CURVE('',#2302,#2290,#2306,.T.);
#2308=ORIENTED_EDGE('',*,*,#2307,.T.);
#2309=EDGE_LOOP('',(#2295,#2300,#2305,#2308));
#2310=FACE_BOUND('',#2309,.T.);
#2311=ADVANCED_FACE('',(#2288,#2310),#2206,.T.);
#2312=CARTESIAN_POINT('',(0.068897637795277,-0.025984251968504,-0.004035433061506));
#2313=AXIS2_PLACEMENT_3D('',#2312,#72,#152);
#2314=PLANE('',#2313);
#2315=CARTESIAN_POINT('',(0.068897637795277,0.023622047244094,-0.001968503927648));
#2316=VERTEX_POINT('',#2315);
#2317=CARTESIAN_POINT('',(0.068897637795277,-0.023622047244095,-0.001968503927648));
#2318=VERTEX_POINT('',#2317);
#2319=LINE('',#2315,#1886);
#2320=EDGE_CURVE('',#2316,#2318,#2319,.T.);
#2321=ORIENTED_EDGE('',*,*,#2320,.T.);
#2322=VECTOR('',#71,0.001968503937008);
#2323=LINE('',#2291,#2322);
#2324=EDGE_CURVE('',#2292,#2318,#2323,.T.);
#2325=ORIENTED_EDGE('',*,*,#2324,.F.);
#2326=ORIENTED_EDGE('',*,*,#2294,.F.);
#2327=LINE('',#2289,#2322);
#2328=EDGE_CURVE('',#2290,#2316,#2327,.T.);
#2329=ORIENTED_EDGE('',*,*,#2328,.T.);
#2330=EDGE_LOOP('',(#2321,#2325,#2326,#2329));
#2331=FACE_OUTER_BOUND('',#2330,.T.);
#2332=ADVANCED_FACE('',(#2331),#2314,.T.);
#2333=CARTESIAN_POINT('',(0.048228346456694,-0.023622047244095,-0.004035433061506));
#2334=AXIS2_PLACEMENT_3D('',#2333,#132,#152);
#2335=PLANE('',#2334);
#2336=VECTOR('',#126,0.010502374117359);
#2337=LINE('',#2317,#2336);
#2338=EDGE_CURVE('',#2318,#1782,#2337,.T.);
#2339=ORIENTED_EDGE('',*,*,#2338,.T.);
#2340=ORIENTED_EDGE('',*,*,#1870,.T.);
#2341=LINE('',#2296,#2322);
#2342=EDGE_CURVE('',#2297,#1863,#2341,.T.);
#2343=ORIENTED_EDGE('',*,*,#2342,.F.);
#2344=ORIENTED_EDGE('',*,*,#2299,.F.);
#2345=ORIENTED_EDGE('',*,*,#2324,.T.);
#2346=EDGE_LOOP('',(#2339,#2340,#2343,#2344,#2345));
#2347=FACE_OUTER_BOUND('',#2346,.T.);
#2348=ADVANCED_FACE('',(#2347),#2335,.T.);
#2349=CARTESIAN_POINT('',(0.049212598425198,0.025984251968503,-0.004035433061506));
#2350=AXIS2_PLACEMENT_3D('',#2349,#126,#71);
#2351=PLANE('',#2350);
#2352=ORIENTED_EDGE('',*,*,#1866,.T.);
#2353=LINE('',#2301,#2322);
#2354=EDGE_CURVE('',#2302,#1857,#2353,.T.);
#2355=ORIENTED_EDGE('',*,*,#2354,.F.);
#2356=ORIENTED_EDGE('',*,*,#2304,.F.);
#2357=ORIENTED_EDGE('',*,*,#2342,.T.);
#2358=EDGE_LOOP('',(#2352,#2355,#2356,#2357));
#2359=FACE_OUTER_BOUND('',#2358,.T.);
#2360=ADVANCED_FACE('',(#2359),#2351,.T.);
#2361=CARTESIAN_POINT('',(0.069881889763781,0.023622047244094,-0.004035433061506));
#2362=AXIS2_PLACEMENT_3D('',#2361,#142,#71);
#2363=PLANE('',#2362);
#2364=ORIENTED_EDGE('',*,*,#1860,.T.);
#2365=VECTOR('',#72,0.010502374117358);
#2366=LINE('',#1779,#2365);
#2367=EDGE_CURVE('',#1780,#2316,#2366,.T.);
#2368=ORIENTED_EDGE('',*,*,#2367,.T.);
#2369=ORIENTED_EDGE('',*,*,#2328,.F.);
#2370=ORIENTED_EDGE('',*,*,#2307,.F.);
#2371=ORIENTED_EDGE('',*,*,#2354,.T.);
#2372=EDGE_LOOP('',(#2364,#2368,#2369,#2370,#2371));
#2373=FACE_OUTER_BOUND('',#2372,.T.);
#2374=ADVANCED_FACE('',(#2373),#2363,.T.);
#2375=CARTESIAN_POINT('',(0.05787014497205,0.025984251968503,-0.001968503927648));
#2376=AXIS2_PLACEMENT_3D('',#2375,#71,#72);
#2377=PLANE('',#2376);
#2378=ORIENTED_EDGE('',*,*,#2338,.F.);
#2379=ORIENTED_EDGE('',*,*,#2320,.F.);
#2380=ORIENTED_EDGE('',*,*,#2367,.F.);
#2381=EDGE_LOOP('',(#1842,#2378,#2379,#2380));
#2382=FACE_OUTER_BOUND('',#2381,.T.);
#2383=ADVANCED_FACE('',(#2382),#2377,.T.);
#2384=CARTESIAN_POINT('',(-0.049212598425194,-0.025984251968504,-0.004035433061506));
#2385=AXIS2_PLACEMENT_3D('',#2384,#72,#152);
#2386=PLANE('',#2385);
#2387=ORIENTED_EDGE('',*,*,#1888,.T.);
#2388=LINE('',#2181,#2322);
#2389=EDGE_CURVE('',#2182,#1879,#2388,.T.);
#2390=ORIENTED_EDGE('',*,*,#2389,.F.);
#2391=ORIENTED_EDGE('',*,*,#2184,.F.);
#2392=LINE('',#2179,#2322);
#2393=EDGE_CURVE('',#2180,#1885,#2392,.T.);
#2394=ORIENTED_EDGE('',*,*,#2393,.T.);
#2395=EDGE_LOOP('',(#2387,#2390,#2391,#2394));
#2396=FACE_OUTER_BOUND('',#2395,.T.);
#2397=ADVANCED_FACE('',(#2396),#2386,.T.);
#2398=CARTESIAN_POINT('',(-0.069881889763777,-0.023622047244095,-0.004035433061506));
#2399=AXIS2_PLACEMENT_3D('',#2398,#132,#152);
#2400=PLANE('',#2399);
#2401=ORIENTED_EDGE('',*,*,#1882,.T.);
#2402=CARTESIAN_POINT('',(-0.068897637795273,-0.023622047244095,-0.001968503927648));
#2403=VERTEX_POINT('',#2402);
#2404=VECTOR('',#126,0.010502374117355);
#2405=LINE('',#1806,#2404);
#2406=EDGE_CURVE('',#1807,#2403,#2405,.T.);
#2407=ORIENTED_EDGE('',*,*,#2406,.T.);
#2408=LINE('',#2186,#2322);
#2409=EDGE_CURVE('',#2187,#2403,#2408,.T.);
#2410=ORIENTED_EDGE('',*,*,#2409,.F.);
#2411=ORIENTED_EDGE('',*,*,#2190,.F.);
#2412=ORIENTED_EDGE('',*,*,#2389,.T.);
#2413=EDGE_LOOP('',(#2401,#2407,#2410,#2411,#2412));
#2414=FACE_OUTER_BOUND('',#2413,.T.);
#2415=ADVANCED_FACE('',(#2414),#2400,.T.);
#2416=CARTESIAN_POINT('',(-0.068897637795273,0.025984251968503,-0.004035433061506));
#2417=AXIS2_PLACEMENT_3D('',#2416,#126,#71);
#2418=PLANE('',#2417);
#2419=CARTESIAN_POINT('',(-0.068897637795273,0.023622047244094,-0.001968503927648));
#2420=VERTEX_POINT('',#2419);
#2421=LINE('',#2402,#1864);
#2422=EDGE_CURVE('',#2403,#2420,#2421,.T.);
#2423=ORIENTED_EDGE('',*,*,#2422,.T.);
#2424=LINE('',#2192,#2322);
#2425=EDGE_CURVE('',#2193,#2420,#2424,.T.);
#2426=ORIENTED_EDGE('',*,*,#2425,.F.);
#2427=ORIENTED_EDGE('',*,*,#2195,.F.);
#2428=ORIENTED_EDGE('',*,*,#2409,.T.);
#2429=EDGE_LOOP('',(#2423,#2426,#2427,#2428));
#2430=FACE_OUTER_BOUND('',#2429,.T.);
#2431=ADVANCED_FACE('',(#2430),#2418,.T.);
#2432=CARTESIAN_POINT('',(-0.04822834645669,0.023622047244094,-0.004035433061506));
#2433=AXIS2_PLACEMENT_3D('',#2432,#142,#71);
#2434=PLANE('',#2433);
#2435=VECTOR('',#72,0.010502374117354);
#2436=LINE('',#2419,#2435);
#2437=EDGE_CURVE('',#2420,#1803,#2436,.T.);
#2438=ORIENTED_EDGE('',*,*,#2437,.T.);
#2439=ORIENTED_EDGE('',*,*,#1892,.T.);
#2440=ORIENTED_EDGE('',*,*,#2393,.F.);
#2441=ORIENTED_EDGE('',*,*,#2199,.F.);
#2442=ORIENTED_EDGE('',*,*,#2425,.T.);
#2443=EDGE_LOOP('',(#2438,#2439,#2440,#2441,#2442));
#2444=FACE_OUTER_BOUND('',#2443,.T.);
#2445=ADVANCED_FACE('',(#2444),#2434,.T.);
#2446=CARTESIAN_POINT('',(-0.069422756501141,0.025984251968503,-0.001968503927648));
#2447=AXIS2_PLACEMENT_3D('',#2446,#71,#72);
#2448=PLANE('',#2447);
#2449=ORIENTED_EDGE('',*,*,#2437,.F.);
#2450=ORIENTED_EDGE('',*,*,#2422,.F.);
#2451=ORIENTED_EDGE('',*,*,#2406,.F.);
#2452=EDGE_LOOP('',(#1846,#2449,#2450,#2451));
#2453=FACE_OUTER_BOUND('',#2452,.T.);
#2454=ADVANCED_FACE('',(#2453),#2448,.T.);
#2455=CARTESIAN_POINT('',(0.074803149606299,0.025590551181102,0.010531496062524));
#2456=DIRECTION('',(-0.707106781186547,-0.707106781186548,0.0));
#2457=AXIS2_PLACEMENT_3D('',#2455,#152,#2456);
#2458=CYLINDRICAL_SURFACE('',#2457,0.003937007874016);
#2459=ORIENTED_EDGE('',*,*,#2214,.T.);
#2460=VECTOR('',#71,0.013779527549695);
#2461=LINE('',#2209,#2460);
#2462=EDGE_CURVE('',#2210,#1619,#2461,.T.);
#2463=ORIENTED_EDGE('',*,*,#2462,.T.);
#2464=ORIENTED_EDGE('',*,*,#1624,.T.);
#2465=VECTOR('',#152,0.013779527549695);
#2466=LINE('',#1612,#2465);
#2467=EDGE_CURVE('',#1613,#2208,#2466,.T.);
#2468=ORIENTED_EDGE('',*,*,#2467,.T.);
#2469=EDGE_LOOP('',(#2459,#2463,#2464,#2468));
#2470=FACE_OUTER_BOUND('',#2469,.T.);
#2471=ADVANCED_FACE('',(#2470),#2458,.F.);
#2472=CARTESIAN_POINT('',(0.078740157480315,-0.028149606299212,0.010531496062524));
#2473=AXIS2_PLACEMENT_3D('',#2472,#72,#152);
#2474=PLANE('',#2473);
#2475=ORIENTED_EDGE('',*,*,#2285,.T.);
#2476=LINE('',#1626,#2465);
#2477=EDGE_CURVE('',#1627,#2278,#2476,.T.);
#2478=ORIENTED_EDGE('',*,*,#2477,.F.);
#2479=ORIENTED_EDGE('',*,*,#1630,.F.);
#2480=ORIENTED_EDGE('',*,*,#2462,.F.);
#2481=EDGE_LOOP('',(#2475,#2478,#2479,#2480));
#2482=FACE_OUTER_BOUND('',#2481,.T.);
#2483=ADVANCED_FACE('',(#2482),#2474,.F.);
#2484=CARTESIAN_POINT('',(0.074803149606299,-0.025590551181102,0.010531496062524));
#2485=DIRECTION('',(-0.707106781186547,0.707106781186548,0.0));
#2486=AXIS2_PLACEMENT_3D('',#2484,#152,#2485);
#2487=CYLINDRICAL_SURFACE('',#2486,0.003937007874016);
#2488=ORIENTED_EDGE('',*,*,#2282,.T.);
#2489=LINE('',#2272,#2460);
#2490=EDGE_CURVE('',#2273,#1633,#2489,.T.);
#2491=ORIENTED_EDGE('',*,*,#2490,.T.);
#2492=ORIENTED_EDGE('',*,*,#1638,.T.);
#2493=ORIENTED_EDGE('',*,*,#2477,.T.);
#2494=EDGE_LOOP('',(#2488,#2491,#2492,#2493));
#2495=FACE_OUTER_BOUND('',#2494,.T.);
#2496=ADVANCED_FACE('',(#2495),#2487,.F.);
#2497=CARTESIAN_POINT('',(0.059495714440225,-0.029527559055118,0.010531496062524));
#2498=AXIS2_PLACEMENT_3D('',#2497,#132,#152);
#2499=PLANE('',#2498);
#2500=ORIENTED_EDGE('',*,*,#2275,.T.);
#2501=LINE('',#1640,#2465);
#2502=EDGE_CURVE('',#1641,#2266,#2501,.T.);
#2503=ORIENTED_EDGE('',*,*,#2502,.F.);
#2504=ORIENTED_EDGE('',*,*,#1644,.F.);
#2505=ORIENTED_EDGE('',*,*,#2490,.F.);
#2506=EDGE_LOOP('',(#2500,#2503,#2504,#2505));
#2507=FACE_OUTER_BOUND('',#2506,.T.);
#2508=ADVANCED_FACE('',(#2507),#2499,.F.);
#2509=CARTESIAN_POINT('',(0.060224639924324,-0.033464566929134,0.010531496062524));
#2510=DIRECTION('',(0.507092552837084,-0.86189160737135,0.0));
#2511=AXIS2_PLACEMENT_3D('',#2509,#152,#2510);
#2512=CYLINDRICAL_SURFACE('',#2511,0.003937007874016);
#2513=ORIENTED_EDGE('',*,*,#2270,.T.);
#2514=LINE('',#2261,#2460);
#2515=EDGE_CURVE('',#2262,#1647,#2514,.T.);
#2516=ORIENTED_EDGE('',*,*,#2515,.T.);
#2517=ORIENTED_EDGE('',*,*,#1652,.T.);
#2518=ORIENTED_EDGE('',*,*,#2502,.T.);
#2519=EDGE_LOOP('',(#2513,#2516,#2517,#2518));
#2520=FACE_OUTER_BOUND('',#2519,.T.);
#2521=ADVANCED_FACE('',(#2520),#2512,.T.);
#2522=CARTESIAN_POINT('',(0.0,0.0,0.010531496062524));
#2523=AXIS2_PLACEMENT_3D('',#2522,#152,#1599);
#2524=CYLINDRICAL_SURFACE('',#2523,0.06496062992126);
#2525=ORIENTED_EDGE('',*,*,#2263,.T.);
#2526=VECTOR('',#152,0.001968503927648);
#2527=LINE('',#1957,#2526);
#2528=EDGE_CURVE('',#1958,#2257,#2527,.T.);
#2529=ORIENTED_EDGE('',*,*,#2528,.F.);
#2530=ORIENTED_EDGE('',*,*,#1961,.F.);
#2531=VECTOR('',#152,0.011811023622047);
#2532=LINE('',#1654,#2531);
#2533=EDGE_CURVE('',#1655,#1951,#2532,.T.);
#2534=ORIENTED_EDGE('',*,*,#2533,.F.);
#2535=ORIENTED_EDGE('',*,*,#1656,.F.);
#2536=ORIENTED_EDGE('',*,*,#2515,.F.);
#2537=EDGE_LOOP('',(#2525,#2529,#2530,#2534,#2535,#2536));
#2538=FACE_OUTER_BOUND('',#2537,.T.);
#2539=ADVANCED_FACE('',(#2538),#2524,.F.);
#2540=CARTESIAN_POINT('',(0.035789224889127,-0.03740157480315,-0.001870078730798));
#2541=AXIS2_PLACEMENT_3D('',#2540,#132,#152);
#2542=PLANE('',#2541);
#2543=ORIENTED_EDGE('',*,*,#2259,.T.);
#2544=LINE('',#2003,#2526);
#2545=EDGE_CURVE('',#2004,#2250,#2544,.T.);
#2546=ORIENTED_EDGE('',*,*,#2545,.F.);
#2547=ORIENTED_EDGE('',*,*,#2007,.F.);
#2548=ORIENTED_EDGE('',*,*,#1964,.F.);
#2549=ORIENTED_EDGE('',*,*,#2528,.T.);
#2550=EDGE_LOOP('',(#2543,#2546,#2547,#2548,#2549));
#2551=FACE_OUTER_BOUND('',#2550,.T.);
#2552=ADVANCED_FACE('',(#2551),#2542,.F.);
#2553=CARTESIAN_POINT('',(-0.078740157480315,-0.028149606299212,-0.004625984242141));
#2554=AXIS2_PLACEMENT_3D('',#2553,#126,#71);
#2555=PLANE('',#2554);
#2556=ORIENTED_EDGE('',*,*,#2175,.T.);
#2557=LINE('',#1732,#2465);
#2558=EDGE_CURVE('',#1733,#2168,#2557,.T.);
#2559=ORIENTED_EDGE('',*,*,#2558,.F.);
#2560=ORIENTED_EDGE('',*,*,#1736,.F.);
#2561=LINE('',#2096,#2460);
#2562=EDGE_CURVE('',#2097,#1725,#2561,.T.);
#2563=ORIENTED_EDGE('',*,*,#2562,.F.);
#2564=EDGE_LOOP('',(#2556,#2559,#2560,#2563));
#2565=FACE_OUTER_BOUND('',#2564,.T.);
#2566=ADVANCED_FACE('',(#2565),#2555,.F.);
#2567=CARTESIAN_POINT('',(-0.074803149606299,0.025590551181102,0.010531496062524));
#2568=DIRECTION('',(0.707106781186547,-0.707106781186548,0.0));
#2569=AXIS2_PLACEMENT_3D('',#2567,#152,#2568);
#2570=CYLINDRICAL_SURFACE('',#2569,0.003937007874016);
#2571=ORIENTED_EDGE('',*,*,#2172,.T.);
#2572=LINE('',#2162,#2460);
#2573=EDGE_CURVE('',#2163,#1739,#2572,.T.);
#2574=ORIENTED_EDGE('',*,*,#2573,.T.);
#2575=ORIENTED_EDGE('',*,*,#1744,.T.);
#2576=ORIENTED_EDGE('',*,*,#2558,.T.);
#2577=EDGE_LOOP('',(#2571,#2574,#2575,#2576));
#2578=FACE_OUTER_BOUND('',#2577,.T.);
#2579=ADVANCED_FACE('',(#2578),#2570,.F.);
#2580=CARTESIAN_POINT('',(-0.075532075090398,0.029527559055118,-0.004625984242141));
#2581=AXIS2_PLACEMENT_3D('',#2580,#142,#71);
#2582=PLANE('',#2581);
#2583=ORIENTED_EDGE('',*,*,#2165,.T.);
#2584=LINE('',#1746,#2465);
#2585=EDGE_CURVE('',#1747,#2156,#2584,.T.);
#2586=ORIENTED_EDGE('',*,*,#2585,.F.);
#2587=ORIENTED_EDGE('',*,*,#1749,.F.);
#2588=ORIENTED_EDGE('',*,*,#2573,.F.);
#2589=EDGE_LOOP('',(#2583,#2586,#2587,#2588));
#2590=FACE_OUTER_BOUND('',#2589,.T.);
#2591=ADVANCED_FACE('',(#2590),#2582,.F.);
#2592=CARTESIAN_POINT('',(-0.060224639924324,0.033464566929134,0.010531496062524));
#2593=DIRECTION('',(-0.507092552837084,0.86189160737135,0.0));
#2594=AXIS2_PLACEMENT_3D('',#2592,#152,#2593);
#2595=CYLINDRICAL_SURFACE('',#2594,0.003937007874016);
#2596=ORIENTED_EDGE('',*,*,#2160,.T.);
#2597=LINE('',#2151,#2460);
#2598=EDGE_CURVE('',#2152,#1752,#2597,.T.);
#2599=ORIENTED_EDGE('',*,*,#2598,.T.);
#2600=ORIENTED_EDGE('',*,*,#1757,.T.);
#2601=ORIENTED_EDGE('',*,*,#2585,.T.);
#2602=EDGE_LOOP('',(#2596,#2599,#2600,#2601));
#2603=FACE_OUTER_BOUND('',#2602,.T.);
#2604=ADVANCED_FACE('',(#2603),#2595,.T.);
#2605=DIRECTION('',(0.712887755905944,-0.70127815271787,0.0));
#2606=AXIS2_PLACEMENT_3D('',#2522,#152,#2605);
#2607=CYLINDRICAL_SURFACE('',#2606,0.06496062992126);
#2608=ORIENTED_EDGE('',*,*,#2153,.T.);
#2609=CARTESIAN_POINT('',(-0.053113140012725,0.03740157480315,-0.001968503937008));
#2610=VERTEX_POINT('',#2609);
#2611=LINE('',#2609,#2526);
#2612=EDGE_CURVE('',#2610,#2146,#2611,.T.);
#2613=ORIENTED_EDGE('',*,*,#2612,.F.);
#2614=CARTESIAN_POINT('',(-0.03248031496063,0.056257555757651,-0.001968503937008));
#2615=VERTEX_POINT('',#2614);
#2616=EDGE_CURVE('',#2615,#2610,#1911,.T.);
#2617=ORIENTED_EDGE('',*,*,#2616,.F.);
#2618=LINE('',#1759,#2531);
#2619=EDGE_CURVE('',#1760,#2615,#2618,.T.);
#2620=ORIENTED_EDGE('',*,*,#2619,.F.);
#2621=ORIENTED_EDGE('',*,*,#1761,.F.);
#2622=ORIENTED_EDGE('',*,*,#2598,.F.);
#2623=EDGE_LOOP('',(#2608,#2613,#2617,#2620,#2621,#2622));
#2624=FACE_OUTER_BOUND('',#2623,.T.);
#2625=ADVANCED_FACE('',(#2624),#2607,.F.);
#2626=CARTESIAN_POINT('',(-0.053939048102536,0.03740157480315,-0.004035433061506));
#2627=AXIS2_PLACEMENT_3D('',#2626,#142,#71);
#2628=PLANE('',#2627);
#2629=ORIENTED_EDGE('',*,*,#2149,.T.);
#2630=LINE('',#1972,#2526);
#2631=EDGE_CURVE('',#1973,#2141,#2630,.T.);
#2632=ORIENTED_EDGE('',*,*,#2631,.F.);
#2633=ORIENTED_EDGE('',*,*,#1977,.F.);
#2634=VECTOR('',#72,0.00242655265345);
#2635=LINE('',#2609,#2634);
#2636=EDGE_CURVE('',#2610,#1796,#2635,.T.);
#2637=ORIENTED_EDGE('',*,*,#2636,.F.);
#2638=ORIENTED_EDGE('',*,*,#2612,.T.);
#2639=EDGE_LOOP('',(#2629,#2632,#2633,#2637,#2638));
#2640=FACE_OUTER_BOUND('',#2639,.T.);
#2641=ADVANCED_FACE('',(#2640),#2628,.F.);
#2642=CARTESIAN_POINT('',(-0.03950883376634,0.029631293336917,-0.001870078740626));
#2643=DIRECTION('',(0.936329177569044,-0.351123441588393,0.0));
#2644=AXIS2_PLACEMENT_3D('',#2642,#2643,#152);
#2645=PLANE('',#2644);
#2646=ORIENTED_EDGE('',*,*,#2143,.T.);
#2647=LINE('',#1979,#2526);
#2648=EDGE_CURVE('',#1980,#2136,#2647,.T.);
#2649=ORIENTED_EDGE('',*,*,#2648,.F.);
#2650=ORIENTED_EDGE('',*,*,#1984,.F.);
#2651=ORIENTED_EDGE('',*,*,#2631,.T.);
#2652=EDGE_LOOP('',(#2646,#2649,#2650,#2651));
#2653=FACE_OUTER_BOUND('',#2652,.T.);
#2654=ADVANCED_FACE('',(#2653),#2645,.F.);
#2655=CARTESIAN_POINT('',(2.976941E-017,-8.195544E-016,-0.004035433061506));
#2656=AXIS2_PLACEMENT_3D('',#2655,#71,#142);
#2657=CYLINDRICAL_SURFACE('',#2656,0.017716535433071);
#2658=ORIENTED_EDGE('',*,*,#2083,.F.);
#2659=CARTESIAN_POINT('',(0.01701930754507,-0.00492125984252,-0.003937007864656));
#2660=VERTEX_POINT('',#2659);
#2661=LINE('',#2659,#2322);
#2662=EDGE_CURVE('',#2660,#2077,#2661,.T.);
#2663=ORIENTED_EDGE('',*,*,#2662,.F.);
#2664=CARTESIAN_POINT('',(-0.017019307545069,-0.004921259842521,-0.003937007864656));
#2665=VERTEX_POINT('',#2664);
#2666=CARTESIAN_POINT('',(2.976941E-017,-8.195544E-016,-0.003937007864656));
#2667=AXIS2_PLACEMENT_3D('',#2666,#71,#2080);
#2668=CIRCLE('',#2667,0.017716535433071);
#2669=EDGE_CURVE('',#2665,#2660,#2668,.T.);
#2670=ORIENTED_EDGE('',*,*,#2669,.F.);
#2671=LINE('',#2664,#2322);
#2672=EDGE_CURVE('',#2665,#2079,#2671,.T.);
#2673=ORIENTED_EDGE('',*,*,#2672,.T.);
#2674=EDGE_LOOP('',(#2658,#2663,#2670,#2673));
#2675=FACE_OUTER_BOUND('',#2674,.T.);
#2676=ADVANCED_FACE('',(#2675),#2657,.F.);
#2677=CARTESIAN_POINT('',(0.018721238299577,-0.004921259842521,-0.004035433061506));
#2678=AXIS2_PLACEMENT_3D('',#2677,#142,#71);
#2679=PLANE('',#2678);
#2680=ORIENTED_EDGE('',*,*,#2086,.F.);
#2681=ORIENTED_EDGE('',*,*,#2672,.F.);
#2682=VECTOR('',#126,0.034038615090139);
#2683=LINE('',#2659,#2682);
#2684=EDGE_CURVE('',#2660,#2665,#2683,.T.);
#2685=ORIENTED_EDGE('',*,*,#2684,.F.);
#2686=ORIENTED_EDGE('',*,*,#2662,.T.);
#2687=EDGE_LOOP('',(#2680,#2681,#2685,#2686));
#2688=FACE_OUTER_BOUND('',#2687,.T.);
#2689=ADVANCED_FACE('',(#2688),#2679,.F.);
#2690=DIRECTION('',(-0.80707043090169,-0.590455179979107,0.0));
#2691=AXIS2_PLACEMENT_3D('',#2655,#71,#2690);
#2692=CYLINDRICAL_SURFACE('',#2691,0.017716535433071);
#2693=ORIENTED_EDGE('',*,*,#2054,.T.);
#2694=CARTESIAN_POINT('',(0.009842519685039,0.014730934593597,-0.003937007864656));
#2695=VERTEX_POINT('',#2694);
#2696=LINE('',#2694,#2322);
#2697=EDGE_CURVE('',#2695,#2043,#2696,.T.);
#2698=ORIENTED_EDGE('',*,*,#2697,.F.);
#2699=CARTESIAN_POINT('',(0.01701930754507,0.004921259842519,-0.003937007864656));
#2700=VERTEX_POINT('',#2699);
#2701=AXIS2_PLACEMENT_3D('',#2666,#71,#2051);
#2702=CIRCLE('',#2701,0.017716535433071);
#2703=EDGE_CURVE('',#2700,#2695,#2702,.T.);
#2704=ORIENTED_EDGE('',*,*,#2703,.F.);
#2705=LINE('',#2699,#2322);
#2706=EDGE_CURVE('',#2700,#2049,#2705,.T.);
#2707=ORIENTED_EDGE('',*,*,#2706,.T.);
#2708=EDGE_LOOP('',(#2693,#2698,#2704,#2707));
#2709=FACE_OUTER_BOUND('',#2708,.T.);
#2710=ADVANCED_FACE('',(#2709),#2692,.F.);
#2711=CARTESIAN_POINT('',(0.009842519685039,0.028494245405985,-0.004035433061506));
#2712=AXIS2_PLACEMENT_3D('',#2711,#126,#71);
#2713=PLANE('',#2712);
#2714=ORIENTED_EDGE('',*,*,#2046,.T.);
#2715=CARTESIAN_POINT('',(0.009842519685039,0.027838849653014,-0.003937007864656));
#2716=VERTEX_POINT('',#2715);
#2717=VECTOR('',#71,0.001968503933888);
#2718=LINE('',#2715,#2717);
#2719=EDGE_CURVE('',#2716,#2037,#2718,.T.);
#2720=ORIENTED_EDGE('',*,*,#2719,.F.);
#2721=LINE('',#2694,#2044);
#2722=EDGE_CURVE('',#2695,#2716,#2721,.T.);
#2723=ORIENTED_EDGE('',*,*,#2722,.F.);
#2724=ORIENTED_EDGE('',*,*,#2697,.T.);
#2725=EDGE_LOOP('',(#2714,#2720,#2723,#2724));
#2726=FACE_OUTER_BOUND('',#2725,.T.);
#2727=ADVANCED_FACE('',(#2726),#2713,.T.);
#2728=CARTESIAN_POINT('',(-0.009842519685039,0.014075538840626,-0.004035433061506));
#2729=AXIS2_PLACEMENT_3D('',#2728,#72,#152);
#2730=PLANE('',#2729);
#2731=ORIENTED_EDGE('',*,*,#2072,.T.);
#2732=CARTESIAN_POINT('',(-0.009842519685039,0.014730934593597,-0.003937007864656));
#2733=VERTEX_POINT('',#2732);
#2734=LINE('',#2732,#2322);
#2735=EDGE_CURVE('',#2733,#2063,#2734,.T.);
#2736=ORIENTED_EDGE('',*,*,#2735,.F.);
#2737=CARTESIAN_POINT('',(-0.009842519685039,0.027838849653014,-0.003937007864656));
#2738=VERTEX_POINT('',#2737);
#2739=LINE('',#2737,#2070);
#2740=EDGE_CURVE('',#2738,#2733,#2739,.T.);
#2741=ORIENTED_EDGE('',*,*,#2740,.F.);
#2742=VECTOR('',#152,0.001968503933888);
#2743=LINE('',#2034,#2742);
#2744=EDGE_CURVE('',#2035,#2738,#2743,.T.);
#2745=ORIENTED_EDGE('',*,*,#2744,.F.);
#2746=EDGE_LOOP('',(#2731,#2736,#2741,#2745));
#2747=FACE_OUTER_BOUND('',#2746,.T.);
#2748=ADVANCED_FACE('',(#2747),#2730,.T.);
#2749=DIRECTION('',(0.807070430901688,-0.59045517997911,0.0));
#2750=AXIS2_PLACEMENT_3D('',#2655,#71,#2749);
#2751=CYLINDRICAL_SURFACE('',#2750,0.017716535433071);
#2752=ORIENTED_EDGE('',*,*,#2067,.T.);
#2753=CARTESIAN_POINT('',(-0.017019307545069,0.004921259842519,-0.003937007864656));
#2754=VERTEX_POINT('',#2753);
#2755=LINE('',#2753,#2322);
#2756=EDGE_CURVE('',#2754,#2057,#2755,.T.);
#2757=ORIENTED_EDGE('',*,*,#2756,.F.);
#2758=AXIS2_PLACEMENT_3D('',#2666,#71,#2064);
#2759=CIRCLE('',#2758,0.017716535433071);
#2760=EDGE_CURVE('',#2733,#2754,#2759,.T.);
#2761=ORIENTED_EDGE('',*,*,#2760,.F.);
#2762=ORIENTED_EDGE('',*,*,#2735,.T.);
#2763=EDGE_LOOP('',(#2752,#2757,#2761,#2762));
#2764=FACE_OUTER_BOUND('',#2763,.T.);
#2765=ADVANCED_FACE('',(#2764),#2751,.F.);
#2766=CARTESIAN_POINT('',(0.018721238299577,0.004921259842519,-0.004035433061506));
#2767=AXIS2_PLACEMENT_3D('',#2766,#142,#71);
#2768=PLANE('',#2767);
#2769=ORIENTED_EDGE('',*,*,#2060,.T.);
#2770=ORIENTED_EDGE('',*,*,#2706,.F.);
#2771=LINE('',#2753,#2058);
#2772=EDGE_CURVE('',#2754,#2700,#2771,.T.);
#2773=ORIENTED_EDGE('',*,*,#2772,.F.);
#2774=ORIENTED_EDGE('',*,*,#2756,.T.);
#2775=EDGE_LOOP('',(#2769,#2770,#2773,#2774));
#2776=FACE_OUTER_BOUND('',#2775,.T.);
#2777=ADVANCED_FACE('',(#2776),#2768,.T.);
#2778=CARTESIAN_POINT('',(-0.081342127436298,0.068897637795275,-0.003937007864656));
#2779=AXIS2_PLACEMENT_3D('',#2778,#71,#72);
#2780=PLANE('',#2779);
#2781=AXIS2_PLACEMENT_3D('',#2117,#152,#126);
#2782=CIRCLE('',#2781,0.029527559055118);
#2783=EDGE_CURVE('',#2738,#2716,#2782,.T.);
#2784=ORIENTED_EDGE('',*,*,#2783,.F.);
#2785=ORIENTED_EDGE('',*,*,#2740,.T.);
#2786=ORIENTED_EDGE('',*,*,#2760,.T.);
#2787=ORIENTED_EDGE('',*,*,#2772,.T.);
#2788=ORIENTED_EDGE('',*,*,#2703,.T.);
#2789=ORIENTED_EDGE('',*,*,#2722,.T.);
#2790=EDGE_LOOP('',(#2784,#2785,#2786,#2787,#2788,#2789));
#2791=FACE_OUTER_BOUND('',#2790,.T.);
#2792=ADVANCED_FACE('',(#2791),#2780,.T.);
#2793=ORIENTED_EDGE('',*,*,#2669,.T.);
#2794=ORIENTED_EDGE('',*,*,#2684,.T.);
#2795=EDGE_LOOP('',(#2793,#2794));
#2796=FACE_OUTER_BOUND('',#2795,.T.);
#2797=ADVANCED_FACE('',(#2796),#2780,.T.);
#2798=AXIS2_PLACEMENT_3D('',#1598,#152,#126);
#2799=CYLINDRICAL_SURFACE('',#2798,0.029527559055118);
#2800=ORIENTED_EDGE('',*,*,#2744,.T.);
#2801=ORIENTED_EDGE('',*,*,#2783,.T.);
#2802=ORIENTED_EDGE('',*,*,#2719,.T.);
#2803=ORIENTED_EDGE('',*,*,#2040,.F.);
#2804=EDGE_LOOP('',(#2800,#2801,#2802,#2803));
#2805=FACE_OUTER_BOUND('',#2804,.T.);
#2806=ADVANCED_FACE('',(#2805),#2799,.F.);
#2807=CARTESIAN_POINT('',(-0.060224639924324,-0.033464566929134,-0.004625984242141));
#2808=DIRECTION('',(-0.507092552837083,-0.86189160737135,0.0));
#2809=AXIS2_PLACEMENT_3D('',#2807,#71,#2808);
#2810=CYLINDRICAL_SURFACE('',#2809,0.003937007874016);
#2811=ORIENTED_EDGE('',*,*,#2113,.T.);
#2812=LINE('',#2103,#2460);
#2813=EDGE_CURVE('',#2104,#1712,#2812,.T.);
#2814=ORIENTED_EDGE('',*,*,#2813,.T.);
#2815=ORIENTED_EDGE('',*,*,#1717,.T.);
#2816=LINE('',#1704,#2465);
#2817=EDGE_CURVE('',#1705,#2109,#2816,.T.);
#2818=ORIENTED_EDGE('',*,*,#2817,.T.);
#2819=EDGE_LOOP('',(#2811,#2814,#2815,#2818));
#2820=FACE_OUTER_BOUND('',#2819,.T.);
#2821=ADVANCED_FACE('',(#2820),#2810,.T.);
#2822=AXIS2_PLACEMENT_3D('',#2522,#152,#1706);
#2823=CYLINDRICAL_SURFACE('',#2822,0.06496062992126);
#2824=ORIENTED_EDGE('',*,*,#2120,.T.);
#2825=ORIENTED_EDGE('',*,*,#2817,.F.);
#2826=ORIENTED_EDGE('',*,*,#1709,.F.);
#2827=LINE('',#1697,#2531);
#2828=EDGE_CURVE('',#1698,#1908,#2827,.T.);
#2829=ORIENTED_EDGE('',*,*,#2828,.T.);
#2830=ORIENTED_EDGE('',*,*,#1912,.F.);
#2831=LINE('',#1900,#2526);
#2832=EDGE_CURVE('',#1901,#2116,#2831,.T.);
#2833=ORIENTED_EDGE('',*,*,#2832,.T.);
#2834=EDGE_LOOP('',(#2824,#2825,#2826,#2829,#2830,#2833));
#2835=FACE_OUTER_BOUND('',#2834,.T.);
#2836=ADVANCED_FACE('',(#2835),#2823,.F.);
#2837=CARTESIAN_POINT('',(0.060224639924324,0.033464566929134,-0.004625984242141));
#2838=DIRECTION('',(0.507092552837083,0.86189160737135,0.0));
#2839=AXIS2_PLACEMENT_3D('',#2837,#71,#2838);
#2840=CYLINDRICAL_SURFACE('',#2839,0.003937007874016);
#2841=ORIENTED_EDGE('',*,*,#2226,.T.);
#2842=LINE('',#2216,#2460);
#2843=EDGE_CURVE('',#2217,#1605,#2842,.T.);
#2844=ORIENTED_EDGE('',*,*,#2843,.T.);
#2845=ORIENTED_EDGE('',*,*,#1610,.T.);
#2846=LINE('',#1596,#2465);
#2847=EDGE_CURVE('',#1597,#2222,#2846,.T.);
#2848=ORIENTED_EDGE('',*,*,#2847,.T.);
#2849=EDGE_LOOP('',(#2841,#2844,#2845,#2848));
#2850=FACE_OUTER_BOUND('',#2849,.T.);
#2851=ADVANCED_FACE('',(#2850),#2840,.T.);
#2852=CARTESIAN_POINT('',(0.059495714440225,0.029527559055118,-0.004625984242141));
#2853=AXIS2_PLACEMENT_3D('',#2852,#142,#71);
#2854=PLANE('',#2853);
#2855=ORIENTED_EDGE('',*,*,#2219,.T.);
#2856=ORIENTED_EDGE('',*,*,#2467,.F.);
#2857=ORIENTED_EDGE('',*,*,#1616,.F.);
#2858=ORIENTED_EDGE('',*,*,#2843,.F.);
#2859=EDGE_LOOP('',(#2855,#2856,#2857,#2858));
#2860=FACE_OUTER_BOUND('',#2859,.T.);
#2861=ADVANCED_FACE('',(#2860),#2854,.F.);
#2862=CARTESIAN_POINT('',(-0.074803149606299,-0.025590551181102,0.010531496062524));
#2863=DIRECTION('',(0.707106781186547,0.707106781186548,0.0));
#2864=AXIS2_PLACEMENT_3D('',#2862,#152,#2863);
#2865=CYLINDRICAL_SURFACE('',#2864,0.003937007874016);
#2866=ORIENTED_EDGE('',*,*,#2101,.T.);
#2867=ORIENTED_EDGE('',*,*,#2562,.T.);
#2868=ORIENTED_EDGE('',*,*,#1730,.T.);
#2869=LINE('',#1719,#2465);
#2870=EDGE_CURVE('',#1720,#2095,#2869,.T.);
#2871=ORIENTED_EDGE('',*,*,#2870,.T.);
#2872=EDGE_LOOP('',(#2866,#2867,#2868,#2871));
#2873=FACE_OUTER_BOUND('',#2872,.T.);
#2874=ADVANCED_FACE('',(#2873),#2865,.F.);
#2875=CARTESIAN_POINT('',(0.036476377952755,-0.037771588206304,-0.004035433061038));
#2876=DIRECTION('',(-0.937125900515943,0.348991470643888,0.0));
#2877=AXIS2_PLACEMENT_3D('',#2875,#2876,#71);
#2878=PLANE('',#2877);
#2879=ORIENTED_EDGE('',*,*,#2254,.T.);
#2880=LINE('',#2009,#2526);
#2881=EDGE_CURVE('',#2010,#2245,#2880,.T.);
#2882=ORIENTED_EDGE('',*,*,#2881,.F.);
#2883=ORIENTED_EDGE('',*,*,#2014,.F.);
#2884=ORIENTED_EDGE('',*,*,#2545,.T.);
#2885=EDGE_LOOP('',(#2879,#2882,#2883,#2884));
#2886=FACE_OUTER_BOUND('',#2885,.T.);
#2887=ADVANCED_FACE('',(#2886),#2878,.F.);
#2888=CARTESIAN_POINT('',(0.039370078740157,-0.033001437414078,-0.004035433061038));
#2889=AXIS2_PLACEMENT_3D('',#2888,#126,#71);
#2890=PLANE('',#2889);
#2891=ORIENTED_EDGE('',*,*,#2247,.T.);
#2892=LINE('',#2016,#2526);
#2893=EDGE_CURVE('',#2017,#2240,#2892,.T.);
#2894=ORIENTED_EDGE('',*,*,#2893,.F.);
#2895=ORIENTED_EDGE('',*,*,#2020,.F.);
#2896=ORIENTED_EDGE('',*,*,#2881,.T.);
#2897=EDGE_LOOP('',(#2891,#2894,#2895,#2896));
#2898=FACE_OUTER_BOUND('',#2897,.T.);
#2899=ADVANCED_FACE('',(#2898),#2890,.F.);
#2900=CARTESIAN_POINT('',(0.03950883376634,0.029631293336917,-0.004035433061038));
#2901=DIRECTION('',(-0.936329177569044,-0.351123441588393,0.0));
#2902=AXIS2_PLACEMENT_3D('',#2900,#2901,#71);
#2903=PLANE('',#2902);
#2904=ORIENTED_EDGE('',*,*,#2242,.T.);
#2905=LINE('',#2022,#2526);
#2906=EDGE_CURVE('',#2023,#2235,#2905,.T.);
#2907=ORIENTED_EDGE('',*,*,#2906,.F.);
#2908=ORIENTED_EDGE('',*,*,#2027,.F.);
#2909=ORIENTED_EDGE('',*,*,#2893,.T.);
#2910=EDGE_LOOP('',(#2904,#2907,#2908,#2909));
#2911=FACE_OUTER_BOUND('',#2910,.T.);
#2912=ADVANCED_FACE('',(#2911),#2903,.F.);
#2913=CARTESIAN_POINT('',(0.035769070126692,0.03740157480315,-0.004035433061506));
#2914=AXIS2_PLACEMENT_3D('',#2913,#142,#71);
#2915=PLANE('',#2914);
#2916=ORIENTED_EDGE('',*,*,#2237,.T.);
#2917=CARTESIAN_POINT('',(0.053113140012725,0.03740157480315,-0.001968503937008));
#2918=VERTEX_POINT('',#2917);
#2919=LINE('',#2917,#2526);
#2920=EDGE_CURVE('',#2918,#2229,#2919,.T.);
#2921=ORIENTED_EDGE('',*,*,#2920,.F.);
#2922=CARTESIAN_POINT('',(0.050686587359275,0.03740157480315,-0.001968503937008));
#2923=LINE('',#2922,#2634);
#2924=EDGE_CURVE('',#1789,#2918,#2923,.T.);
#2925=ORIENTED_EDGE('',*,*,#2924,.F.);
#2926=ORIENTED_EDGE('',*,*,#2030,.F.);
#2927=ORIENTED_EDGE('',*,*,#2906,.T.);
#2928=EDGE_LOOP('',(#2916,#2921,#2925,#2926,#2927));
#2929=FACE_OUTER_BOUND('',#2928,.T.);
#2930=ADVANCED_FACE('',(#2929),#2915,.F.);
#2931=CARTESIAN_POINT('',(-0.039370078740157,-0.033001437414078,-0.001870078740626));
#2932=AXIS2_PLACEMENT_3D('',#2931,#72,#152);
#2933=PLANE('',#2932);
#2934=ORIENTED_EDGE('',*,*,#2138,.T.);
#2935=LINE('',#1986,#2526);
#2936=EDGE_CURVE('',#1987,#2129,#2935,.T.);
#2937=ORIENTED_EDGE('',*,*,#2936,.F.);
#2938=ORIENTED_EDGE('',*,*,#1990,.F.);
#2939=ORIENTED_EDGE('',*,*,#2648,.T.);
#2940=EDGE_LOOP('',(#2934,#2937,#2938,#2939));
#2941=FACE_OUTER_BOUND('',#2940,.T.);
#2942=ADVANCED_FACE('',(#2941),#2933,.F.);
#2943=CARTESIAN_POINT('',(-0.036476377952755,-0.037771588206304,-0.001870078740626));
#2944=DIRECTION('',(0.937125900515943,0.348991470643888,0.0));
#2945=AXIS2_PLACEMENT_3D('',#2943,#2944,#152);
#2946=PLANE('',#2945);
#2947=ORIENTED_EDGE('',*,*,#2133,.T.);
#2948=LINE('',#1992,#2526);
#2949=EDGE_CURVE('',#1993,#2123,#2948,.T.);
#2950=ORIENTED_EDGE('',*,*,#2949,.F.);
#2951=ORIENTED_EDGE('',*,*,#1997,.F.);
#2952=ORIENTED_EDGE('',*,*,#2936,.T.);
#2953=EDGE_LOOP('',(#2947,#2950,#2951,#2952));
#2954=FACE_OUTER_BOUND('',#2953,.T.);
#2955=ADVANCED_FACE('',(#2954),#2946,.F.);
#2956=CARTESIAN_POINT('',(-0.053938088351944,-0.03740157480315,-0.001870078730798));
#2957=AXIS2_PLACEMENT_3D('',#2956,#132,#152);
#2958=PLANE('',#2957);
#2959=ORIENTED_EDGE('',*,*,#2126,.T.);
#2960=ORIENTED_EDGE('',*,*,#2832,.F.);
#2961=ORIENTED_EDGE('',*,*,#1905,.F.);
#2962=ORIENTED_EDGE('',*,*,#2001,.F.);
#2963=ORIENTED_EDGE('',*,*,#2949,.T.);
#2964=EDGE_LOOP('',(#2959,#2960,#2961,#2962,#2963));
#2965=FACE_OUTER_BOUND('',#2964,.T.);
#2966=ADVANCED_FACE('',(#2965),#2958,.F.);
#2967=CARTESIAN_POINT('',(-0.075532075090398,-0.029527559055118,0.010531496062524));
#2968=AXIS2_PLACEMENT_3D('',#2967,#132,#152);
#2969=PLANE('',#2968);
#2970=ORIENTED_EDGE('',*,*,#2106,.T.);
#2971=ORIENTED_EDGE('',*,*,#2870,.F.);
#2972=ORIENTED_EDGE('',*,*,#1722,.F.);
#2973=ORIENTED_EDGE('',*,*,#2813,.F.);
#2974=EDGE_LOOP('',(#2970,#2971,#2972,#2973));
#2975=FACE_OUTER_BOUND('',#2974,.T.);
#2976=ADVANCED_FACE('',(#2975),#2969,.F.);
#2977=ORIENTED_EDGE('',*,*,#2232,.T.);
#2978=ORIENTED_EDGE('',*,*,#2847,.F.);
#2979=ORIENTED_EDGE('',*,*,#1602,.F.);
#2980=CARTESIAN_POINT('',(0.03248031496063,0.056257555757651,-0.001968503937008));
#2981=VERTEX_POINT('',#2980);
#2982=LINE('',#1589,#2531);
#2983=EDGE_CURVE('',#1590,#2981,#2982,.T.);
#2984=ORIENTED_EDGE('',*,*,#2983,.T.);
#2985=EDGE_CURVE('',#2918,#2981,#1960,.T.);
#2986=ORIENTED_EDGE('',*,*,#2985,.F.);
#2987=ORIENTED_EDGE('',*,*,#2920,.T.);
#2988=EDGE_LOOP('',(#2977,#2978,#2979,#2984,#2986,#2987));
#2989=FACE_OUTER_BOUND('',#2988,.T.);
#2990=ADVANCED_FACE('',(#2989),#2524,.F.);
#2991=CARTESIAN_POINT('',(-0.058424454013997,0.035629921257842,-0.001968503937008));
#2992=AXIS2_PLACEMENT_3D('',#2991,#71,#72);
#2993=PLANE('',#2992);
#2994=ORIENTED_EDGE('',*,*,#2924,.T.);
#2995=ORIENTED_EDGE('',*,*,#2985,.T.);
#2996=CARTESIAN_POINT('',(0.030511811023622,0.059667104591448,-0.001968503937008));
#2997=VERTEX_POINT('',#2996);
#2998=CARTESIAN_POINT('',(0.034448818897638,0.059667104591448,-0.001968503937008));
#2999=AXIS2_PLACEMENT_3D('',#2998,#152,#72);
#3000=CIRCLE('',#2999,0.003937007874016);
#3001=EDGE_CURVE('',#2981,#2997,#3000,.T.);
#3002=ORIENTED_EDGE('',*,*,#3001,.T.);
#3003=CARTESIAN_POINT('',(0.030511811023622,0.068897637795276,-0.001968503937008));
#3004=VERTEX_POINT('',#3003);
#3005=LINE('',#2996,#1693);
#3006=EDGE_CURVE('',#2997,#3004,#3005,.T.);
#3007=ORIENTED_EDGE('',*,*,#3006,.T.);
#3008=CARTESIAN_POINT('',(0.026574803149606,0.072834645669291,-0.001968503937008));
#3009=VERTEX_POINT('',#3008);
#3010=CARTESIAN_POINT('',(0.026574803149606,0.068897637795276,-0.001968503937008));
#3011=AXIS2_PLACEMENT_3D('',#3010,#71,#72);
#3012=CIRCLE('',#3011,0.003937007874016);
#3013=EDGE_CURVE('',#3004,#3009,#3012,.T.);
#3014=ORIENTED_EDGE('',*,*,#3013,.T.);
#3015=CARTESIAN_POINT('',(-0.026574803149606,0.072834645669291,-0.001968503937008));
#3016=VERTEX_POINT('',#3015);
#3017=LINE('',#3008,#1680);
#3018=EDGE_CURVE('',#3009,#3016,#3017,.T.);
#3019=ORIENTED_EDGE('',*,*,#3018,.T.);
#3020=CARTESIAN_POINT('',(-0.030511811023622,0.068897637795276,-0.001968503937008));
#3021=VERTEX_POINT('',#3020);
#3022=CARTESIAN_POINT('',(-0.026574803149606,0.068897637795276,-0.001968503937008));
#3023=AXIS2_PLACEMENT_3D('',#3022,#71,#142);
#3024=CIRCLE('',#3023,0.003937007874016);
#3025=EDGE_CURVE('',#3016,#3021,#3024,.T.);
#3026=ORIENTED_EDGE('',*,*,#3025,.T.);
#3027=CARTESIAN_POINT('',(-0.030511811023622,0.059667104591448,-0.001968503937008));
#3028=VERTEX_POINT('',#3027);
#3029=LINE('',#3020,#1585);
#3030=EDGE_CURVE('',#3021,#3028,#3029,.T.);
#3031=ORIENTED_EDGE('',*,*,#3030,.T.);
#3032=CARTESIAN_POINT('',(-0.034448818897638,0.059667104591448,-0.001968503937008));
#3033=AXIS2_PLACEMENT_3D('',#3032,#152,#1706);
#3034=CIRCLE('',#3033,0.003937007874016);
#3035=EDGE_CURVE('',#3028,#2615,#3034,.T.);
#3036=ORIENTED_EDGE('',*,*,#3035,.T.);
#3037=ORIENTED_EDGE('',*,*,#2616,.T.);
#3038=ORIENTED_EDGE('',*,*,#2636,.T.);
#3039=EDGE_LOOP('',(#1848,#2994,#2995,#3002,#3007,#3014,#3019,#3026,#3031,#3036,#3037,#3038));
#3040=FACE_OUTER_BOUND('',#3039,.T.);
#3041=ADVANCED_FACE('',(#3040),#2993,.T.);
#3042=CARTESIAN_POINT('',(-0.026574803149606,0.068897637795276,0.010433070866141));
#3043=AXIS2_PLACEMENT_3D('',#3042,#152,#1635);
#3044=CYLINDRICAL_SURFACE('',#3043,0.003937007874016);
#3045=ORIENTED_EDGE('',*,*,#3025,.F.);
#3046=LINE('',#1563,#2531);
#3047=EDGE_CURVE('',#1564,#3016,#3046,.T.);
#3048=ORIENTED_EDGE('',*,*,#3047,.F.);
#3049=ORIENTED_EDGE('',*,*,#1568,.F.);
#3050=LINE('',#1561,#2531);
#3051=EDGE_CURVE('',#1562,#3021,#3050,.T.);
#3052=ORIENTED_EDGE('',*,*,#3051,.T.);
#3053=EDGE_LOOP('',(#3045,#3048,#3049,#3052));
#3054=FACE_OUTER_BOUND('',#3053,.T.);
#3055=ADVANCED_FACE('',(#3054),#3044,.F.);
#3056=CARTESIAN_POINT('',(-0.030511811023622,0.059205577931257,-0.00255905511811));
#3057=AXIS2_PLACEMENT_3D('',#3056,#126,#71);
#3058=PLANE('',#3057);
#3059=ORIENTED_EDGE('',*,*,#3030,.F.);
#3060=ORIENTED_EDGE('',*,*,#3051,.F.);
#3061=ORIENTED_EDGE('',*,*,#1771,.F.);
#3062=LINE('',#1763,#2531);
#3063=EDGE_CURVE('',#1764,#3028,#3062,.T.);
#3064=ORIENTED_EDGE('',*,*,#3063,.T.);
#3065=EDGE_LOOP('',(#3059,#3060,#3061,#3064));
#3066=FACE_OUTER_BOUND('',#3065,.T.);
#3067=ADVANCED_FACE('',(#3066),#3058,.F.);
#3068=CARTESIAN_POINT('',(-0.034448818897638,0.059667104591448,0.010433070866141));
#3069=AXIS2_PLACEMENT_3D('',#3068,#152,#1706);
#3070=CYLINDRICAL_SURFACE('',#3069,0.003937007874016);
#3071=ORIENTED_EDGE('',*,*,#3035,.F.);
#3072=ORIENTED_EDGE('',*,*,#3063,.F.);
#3073=ORIENTED_EDGE('',*,*,#1768,.F.);
#3074=ORIENTED_EDGE('',*,*,#2619,.T.);
#3075=EDGE_LOOP('',(#3071,#3072,#3073,#3074));
#3076=FACE_OUTER_BOUND('',#3075,.T.);
#3077=ADVANCED_FACE('',(#3076),#3070,.T.);
#3078=CARTESIAN_POINT('',(-0.034448818897638,-0.059667104591448,0.010433070866141));
#3079=AXIS2_PLACEMENT_3D('',#3078,#152,#126);
#3080=CYLINDRICAL_SURFACE('',#3079,0.003937007874016);
#3081=ORIENTED_EDGE('',*,*,#1919,.F.);
#3082=ORIENTED_EDGE('',*,*,#2828,.F.);
#3083=ORIENTED_EDGE('',*,*,#1702,.F.);
#3084=LINE('',#1691,#2531);
#3085=EDGE_CURVE('',#1692,#1915,#3084,.T.);
#3086=ORIENTED_EDGE('',*,*,#3085,.T.);
#3087=EDGE_LOOP('',(#3081,#3082,#3083,#3086));
#3088=FACE_OUTER_BOUND('',#3087,.T.);
#3089=ADVANCED_FACE('',(#3088),#3080,.T.);
#3090=CARTESIAN_POINT('',(-0.030511811023622,-0.069359164455467,-0.00255905511811));
#3091=AXIS2_PLACEMENT_3D('',#3090,#126,#71);
#3092=PLANE('',#3091);
#3093=ORIENTED_EDGE('',*,*,#1924,.F.);
#3094=ORIENTED_EDGE('',*,*,#3085,.F.);
#3095=ORIENTED_EDGE('',*,*,#1695,.F.);
#3096=LINE('',#1684,#2531);
#3097=EDGE_CURVE('',#1685,#1922,#3096,.T.);
#3098=ORIENTED_EDGE('',*,*,#3097,.T.);
#3099=EDGE_LOOP('',(#3093,#3094,#3095,#3098));
#3100=FACE_OUTER_BOUND('',#3099,.T.);
#3101=ADVANCED_FACE('',(#3100),#3092,.F.);
#3102=CARTESIAN_POINT('',(-0.026574803149606,-0.068897637795276,0.010433070866141));
#3103=AXIS2_PLACEMENT_3D('',#3102,#152,#2863);
#3104=CYLINDRICAL_SURFACE('',#3103,0.003937007874016);
#3105=ORIENTED_EDGE('',*,*,#1931,.F.);
#3106=ORIENTED_EDGE('',*,*,#3097,.F.);
#3107=ORIENTED_EDGE('',*,*,#1689,.F.);
#3108=LINE('',#1678,#2531);
#3109=EDGE_CURVE('',#1679,#1927,#3108,.T.);
#3110=ORIENTED_EDGE('',*,*,#3109,.T.);
#3111=EDGE_LOOP('',(#3105,#3106,#3107,#3110));
#3112=FACE_OUTER_BOUND('',#3111,.T.);
#3113=ADVANCED_FACE('',(#3112),#3104,.F.);
#3114=CARTESIAN_POINT('',(-0.029232283464567,-0.072834645669291,0.010433070866141));
#3115=AXIS2_PLACEMENT_3D('',#3114,#132,#152);
#3116=PLANE('',#3115);
#3117=ORIENTED_EDGE('',*,*,#1936,.F.);
#3118=ORIENTED_EDGE('',*,*,#3109,.F.);
#3119=ORIENTED_EDGE('',*,*,#1682,.F.);
#3120=LINE('',#1671,#2531);
#3121=EDGE_CURVE('',#1672,#1934,#3120,.T.);
#3122=ORIENTED_EDGE('',*,*,#3121,.T.);
#3123=EDGE_LOOP('',(#3117,#3118,#3119,#3122));
#3124=FACE_OUTER_BOUND('',#3123,.T.);
#3125=ADVANCED_FACE('',(#3124),#3116,.F.);
#3126=CARTESIAN_POINT('',(0.026574803149606,-0.068897637795276,0.010433070866141));
#3127=AXIS2_PLACEMENT_3D('',#3126,#152,#1741);
#3128=CYLINDRICAL_SURFACE('',#3127,0.003937007874016);
#3129=ORIENTED_EDGE('',*,*,#1943,.F.);
#3130=ORIENTED_EDGE('',*,*,#3121,.F.);
#3131=ORIENTED_EDGE('',*,*,#1676,.F.);
#3132=LINE('',#1666,#2531);
#3133=EDGE_CURVE('',#1667,#1939,#3132,.T.);
#3134=ORIENTED_EDGE('',*,*,#3133,.T.);
#3135=EDGE_LOOP('',(#3129,#3130,#3131,#3134));
#3136=FACE_OUTER_BOUND('',#3135,.T.);
#3137=ADVANCED_FACE('',(#3136),#3128,.F.);
#3138=CARTESIAN_POINT('',(0.030511811023622,-0.069359164455467,0.010433070866141));
#3139=AXIS2_PLACEMENT_3D('',#3138,#72,#152);
#3140=PLANE('',#3139);
#3141=ORIENTED_EDGE('',*,*,#1948,.F.);
#3142=ORIENTED_EDGE('',*,*,#3133,.F.);
#3143=ORIENTED_EDGE('',*,*,#1669,.F.);
#3144=LINE('',#1658,#2531);
#3145=EDGE_CURVE('',#1659,#1946,#3144,.T.);
#3146=ORIENTED_EDGE('',*,*,#3145,.T.);
#3147=EDGE_LOOP('',(#3141,#3142,#3143,#3146));
#3148=FACE_OUTER_BOUND('',#3147,.T.);
#3149=ADVANCED_FACE('',(#3148),#3140,.F.);
#3150=CARTESIAN_POINT('',(0.034448818897638,-0.059667104591448,0.010433070866141));
#3151=AXIS2_PLACEMENT_3D('',#3150,#152,#1661);
#3152=CYLINDRICAL_SURFACE('',#3151,0.003937007874016);
#3153=ORIENTED_EDGE('',*,*,#1955,.F.);
#3154=ORIENTED_EDGE('',*,*,#3145,.F.);
#3155=ORIENTED_EDGE('',*,*,#1664,.F.);
#3156=ORIENTED_EDGE('',*,*,#2533,.T.);
#3157=EDGE_LOOP('',(#3153,#3154,#3155,#3156));
#3158=FACE_OUTER_BOUND('',#3157,.T.);
#3159=ADVANCED_FACE('',(#3158),#3152,.T.);
#3160=CARTESIAN_POINT('',(0.034448818897638,0.059667104591448,0.010433070866141));
#3161=AXIS2_PLACEMENT_3D('',#3160,#152,#72);
#3162=CYLINDRICAL_SURFACE('',#3161,0.003937007874016);
#3163=ORIENTED_EDGE('',*,*,#3001,.F.);
#3164=ORIENTED_EDGE('',*,*,#2983,.F.);
#3165=ORIENTED_EDGE('',*,*,#1594,.F.);
#3166=LINE('',#1583,#2531);
#3167=EDGE_CURVE('',#1584,#2997,#3166,.T.);
#3168=ORIENTED_EDGE('',*,*,#3167,.T.);
#3169=EDGE_LOOP('',(#3163,#3164,#3165,#3168));
#3170=FACE_OUTER_BOUND('',#3169,.T.);
#3171=ADVANCED_FACE('',(#3170),#3162,.T.);
#3172=CARTESIAN_POINT('',(0.030511811023622,0.059205577931257,0.010433070866141));
#3173=AXIS2_PLACEMENT_3D('',#3172,#72,#152);
#3174=PLANE('',#3173);
#3175=ORIENTED_EDGE('',*,*,#3006,.F.);
#3176=ORIENTED_EDGE('',*,*,#3167,.F.);
#3177=ORIENTED_EDGE('',*,*,#1587,.F.);
#3178=LINE('',#1576,#2531);
#3179=EDGE_CURVE('',#1577,#3004,#3178,.T.);
#3180=ORIENTED_EDGE('',*,*,#3179,.T.);
#3181=EDGE_LOOP('',(#3175,#3176,#3177,#3180));
#3182=FACE_OUTER_BOUND('',#3181,.T.);
#3183=ADVANCED_FACE('',(#3182),#3174,.F.);
#3184=CARTESIAN_POINT('',(0.026574803149606,0.068897637795276,0.010433070866141));
#3185=AXIS2_PLACEMENT_3D('',#3184,#152,#2456);
#3186=CYLINDRICAL_SURFACE('',#3185,0.003937007874016);
#3187=ORIENTED_EDGE('',*,*,#3013,.F.);
#3188=ORIENTED_EDGE('',*,*,#3179,.F.);
#3189=ORIENTED_EDGE('',*,*,#1581,.F.);
#3190=LINE('',#1570,#2531);
#3191=EDGE_CURVE('',#1571,#3009,#3190,.T.);
#3192=ORIENTED_EDGE('',*,*,#3191,.T.);
#3193=EDGE_LOOP('',(#3187,#3188,#3189,#3192));
#3194=FACE_OUTER_BOUND('',#3193,.T.);
#3195=ADVANCED_FACE('',(#3194),#3186,.F.);
#3196=CARTESIAN_POINT('',(-0.029232283464567,0.072834645669291,-0.00255905511811));
#3197=AXIS2_PLACEMENT_3D('',#3196,#142,#71);
#3198=PLANE('',#3197);
#3199=ORIENTED_EDGE('',*,*,#3018,.F.);
#3200=ORIENTED_EDGE('',*,*,#3191,.F.);
#3201=ORIENTED_EDGE('',*,*,#1574,.F.);
#3202=ORIENTED_EDGE('',*,*,#3047,.T.);
#3203=EDGE_LOOP('',(#3199,#3200,#3201,#3202));
#3204=FACE_OUTER_BOUND('',#3203,.T.);
#3205=ADVANCED_FACE('',(#3204),#3198,.F.);
#3206=CLOSED_SHELL('',(#1775,#1831,#1838,#1852,#1874,#1896,#1968,#2090,#2203,#2311,#2332,#2348,#2360,#2374,#2383,#2397,#2415,#2431,#2445,#2454,#2471,#2483,#2496,#2508,#2521,#2539,#2552,#2566,#2579,#2591,#2604,#2625,#2641,#2654,#2676,#2689,#2710,#2727,#2748,#2765,#2777,#2792,#2797,#2806,#2821,#2836,#2851,#2861,#2874,#2887,#2899,#2912,#2930,#2942,#2955,#2966,#2976,#2990,#3041,#3055,#3067,#3077,#3089,#3101,#3113,#3125,#3137,#3149,#3159,#3171,#3183,#3195,#3205));
#3207=ORIENTED_CLOSED_SHELL('',*,#3206,.F.);
#3208=BREP_WITH_VOIDS('',#1557,(#3207));
#3209=COLOUR_RGB('',0.75,0.75,0.75);
#3210=FILL_AREA_STYLE_COLOUR('',#3209);
#3211=FILL_AREA_STYLE('',(#3210));
#3212=SURFACE_STYLE_FILL_AREA(#3211);
#3213=SURFACE_SIDE_STYLE('',(#3212));
#3214=SURFACE_STYLE_USAGE(.BOTH.,#3213);
#3215=PRESENTATION_STYLE_ASSIGNMENT((#3214));
#3216=STYLED_ITEM('',(#3215),#3208);
#3217=MECHANICAL_DESIGN_GEOMETRIC_PRESENTATION_REPRESENTATION('',(#3216),#68);
#3218=ADVANCED_BREP_SHAPE_REPRESENTATION('ABSR',(#3208),#68);
#3219=SHAPE_REPRESENTATION_RELATIONSHIP('SRR','None',#3218,#73);
ENDSEC;
END-ISO-10303-21;
